-- phpMyAdmin SQL Dump
-- version 5.2.1
-- https://www.phpmyadmin.net/
--
-- Servidor: localhost:3306
-- Tiempo de generación: 21-02-2024 a las 21:20:04
-- Versión del servidor: 8.0.30
-- Versión de PHP: 8.1.10

SET SQL_MODE = "NO_AUTO_VALUE_ON_ZERO";
START TRANSACTION;
SET time_zone = "+00:00";


/*!40101 SET @OLD_CHARACTER_SET_CLIENT=@@CHARACTER_SET_CLIENT */;
/*!40101 SET @OLD_CHARACTER_SET_RESULTS=@@CHARACTER_SET_RESULTS */;
/*!40101 SET @OLD_COLLATION_CONNECTION=@@COLLATION_CONNECTION */;
/*!40101 SET NAMES utf8mb4 */;

--
-- Base de datos: `proto_app_urban_transport`
--

--
-- Volcado de datos para la tabla `path`
--

INSERT INTO `path` (`path_id`, `osm_id`, `coordinates`, `created_at`, `updated_at`) VALUES
(1, '551237792', 0x00000000010400000003000000010100000052cb7b41b0664fc03baf0c05c780204001010000004e79196ab9664fc00603194ba280204001010000009e31827cbf664fc0a708cb338a802040, '2024-02-22 01:08:13', '2024-02-22 01:08:13'),
(2, '551237790', 0x000000000104000000030000000101000000a188a0c5ad664fc01127e60fbc802040010100000060f536ecad664fc0b1d6f5b0bc802040010100000052cb7b41b0664fc03baf0c05c7802040, '2024-02-22 01:08:14', '2024-02-22 01:08:14'),
(3, '678655925', 0x0000000001040000000200000001010000002f4091ddbb664fc0288a462d83802040010100000060f536ecad664fc0b1d6f5b0bc802040, '2024-02-22 01:08:14', '2024-02-22 01:08:14'),
(4, '551237789', 0x000000000104000000030000000101000000315ef3aace664fc08a6c8c4237802040010100000093ffc9dfbd664fc0a39641107b80204001010000002f4091ddbb664fc0288a462d83802040, '2024-02-22 01:08:14', '2024-02-22 01:08:14'),
(5, '530690616', 0x0000000001040000000700000001010000000de4349fce664fc08510ebe813802040010100000013a16c25cf664fc0767e9b0f1980204001010000006c2eed8acf664fc0852dd1b41f80204001010000005a1f20a9cf664fc0ca294bbe2380204001010000009ce09ba6cf664fc07b38dca2278020400101000000e34ae251cf664fc03b5e375b2f8020400101000000315ef3aace664fc08a6c8c4237802040, '2024-02-22 01:08:16', '2024-02-22 01:08:16'),
(6, '530857650', 0x00000000010400000017000000010100000023d0aae001664fc0e4a9a2d34e7c204001010000004b15d6d704664fc04aa1e2ee627c2040010100000004eb93371b664fc038e3eab6fa7c204001010000004d98d5e022664fc0353fa319307d20400101000000b031f9b028664fc09dd843fb587d204001010000003c22f0d12c664fc0dbe9bde7767d204001010000005ff29ab22e664fc02e7590d7837d20400101000000170c530031664fc0443e9e4c927d2040010100000081d07af832664fc0622c78769e7d204001010000000261a75835664fc0c07971e2ab7d20400101000000baa871ca37664fc0cb10c7bab87d204001010000003bd7416f3b664fc0157fcae7cb7d204001010000003aebae473c664fc0728f00c9cf7d20400101000000a4390dac3e664fc0ef1582c1da7d20400101000000613e0fa441664fc01ecb715de77d2040010100000059dfc0e446664fc05b57714ffc7d20400101000000c51d6ff25b664fc02bfa43334f7e20400101000000f64ce5a37b664fc0cdb85ff4cb7e20400101000000cfff06488f664fc040232246197f204001010000004abc97569e664fc0e6689fd8547f20400101000000d11d6915a2664fc032cfa513647f204001010000007a9d1e25c0664fc0d8a5a1a1da7f204001010000000de4349fce664fc08510ebe813802040, '2024-02-22 01:08:19', '2024-02-22 01:08:19'),
(7, '412553866', 0x00000000010400000020000000010100000033b385d679644fc0c05b2041f17f20400101000000f5a2d1787d644fc094be1072de7f20400101000000007ca64d8b644fc0127a47d7967f20400101000000a795422097644fc06dc438245a7f20400101000000b5d1efb1aa644fc05f75898ff47e204001010000006166440eb6644fc0fa8e2b3fba7e2040010100000052e8610dbc644fc016c9b2bb9b7e204001010000009dfd37e5c0644fc0db7c6d47827e20400101000000788b76cbc4644fc091c6b2aa6f7e20400101000000cfde7426c8644fc0f81e89f2607e204001010000006fb65e78ca644fc032cc6493577e2040010100000068bfa4e7cc644fc084fd8d2c4f7e2040010100000001d41e40d0644fc03c5cbc69447e204001010000008807dedad3644fc036aa78c8397e20400101000000453af2f6d6644fc082d6b26b317e20400101000000de3aff76d9644fc03238efa42a7e20400101000000fbbd03f2db644fc02f03290c257e2040010100000034ca445bdf644fc0c79860dd1d7e2040010100000086feae74e3644fc0788a0bf6157e20400101000000187ecbf7e7644fc0ed9117e30d7e20400101000000a214634ff1644fc00d3e2883fe7d2040010100000079b29b19fd644fc03aa462adeb7d2040010100000048591a530b654fc081cea44dd57d204001010000000bd1217024654fc0488556ccad7d204001010000006c8dad0c4f654fc0e71e6d776a7d2040010100000087ea9c5555654fc022140088607d20400101000000a2d288997d654fc060f591a5207d20400101000000f33746578e654fc07a371614067d20400101000000a101abd9b9654fc044842458c17c20400101000000fb8cb04dcf654fc0b46c52769f7c20400101000000327c9f05fc654fc0af01b628587c2040010100000023d0aae001664fc0e4a9a2d34e7c2040, '2024-02-22 01:08:24', '2024-02-22 01:08:24'),
(8, '530685037', 0x0000000001040000000200000001010000001cbfa6bd77644fc0fcf21318fc7f2040010100000033b385d679644fc0c05b2041f17f2040, '2024-02-22 01:08:24', '2024-02-22 01:08:24'),
(9, '527171779', 0x000000000104000000400000000101000000d0bb0c5aa3624fc037f4609c09872040010100000020e4068daa624fc02a3d2e05ff862040010100000066ef31fdb7624fc03a1a2c41eb8620400101000000cfefa07ebc624fc06d5a84bde48620400101000000f48c7dc9c6624fc099c8bbd9d5862040010100000038729307d8624fc06439aeebbc862040010100000024b9fc87f4624fc0b53bffd1928620400101000000a878b70dfe624fc063409bc18486204001010000004ddfc6c100634fc01282fa3b8086204001010000001bed5d2805634fc06f2d93e1788620400101000000edabbc2e0d634fc016e5886b6b862040010100000008f53e9f12634fc05122d3eb6086204001010000002294ade419634fc0657c4e30528620400101000000f5108dee20634fc001721d3e448620400101000000ecb13e2f26634fc0136404543886204001010000003fbece9728634fc003dda85f338620400101000000a0adde3c30634fc05ad6fd632186204001010000001ad1877835634fc01f5fe74b1486204001010000009464c2d43b634fc093e1783e038620400101000000873a072a3e634fc04900edfdfc8520400101000000e36cdf4845634fc071395e81e885204001010000000660a86851634fc0794f2f42c2852040010100000068cbb91457634fc071d0b936af852040010100000066b911bb5b634fc002dc87179f8520400101000000229e36f460634fc059ad026b8b85204001010000003139ffc066634fc0ad29da6674852040010100000030eb0fde68634fc052595e036c8520400101000000bcc161b36d634fc098ab7a54578520400101000000efc27bb372634fc03d4e87044285204001010000009f27f96c78634fc0d4b1ef2f27852040010100000014c2b4b97b634fc024ce2fef168520400101000000a0f42ad780634fc01962abbafd8420400101000000203130e186634fc01dd02dcfde8420400101000000ed4cfcac8d634fc06a2a3009bc842040010100000048d5c0a096634fc07073cf5f8d8420400101000000945ba49aa3634fc04bf784364a8420400101000000691206afa7634fc0d380e6183584204001010000006e8786c5a8634fc0d6500f762f842040010100000052cb7b41b0634fc0c095ecd8088420400101000000c1feebdcb4634fc085718115f183204001010000006db2a1f6b6634fc049da8d3ee683204001010000002a2d6d82b9634fc02c7c22f4d88320400101000000c1b975edc1634fc00d3f9358ad8320400101000000ad286f91c5634fc08eebdff59983204001010000008a613da4ce634fc0ac90f2936a8320400101000000950c0055dc634fc0007157af228320400101000000e7bc6b75de634fc0a1038184178320400101000000ed8d10d4df634fc0818d356d10832040010100000050bddaf6e2634fc077a62b33008320400101000000ab590cc3ec634fc03ef83f76cd8220400101000000c875f810f9634fc00bc2cbc28d822040010100000057163bd0f9634fc0aeb195e1898220400101000000bf2a172aff634fc0e09744076e8220400101000000768fc7670d644fc08896e1e4238220400101000000f7a3f2c011644fc0e1cff0660d82204001010000005a187d6022644fc0eab9e067b78120400101000000d0b8702024644fc0f43e4459ae81204001010000001cdab6de25644fc0f9beb854a58120400101000000ff113c7430644fc0cd12ae916e81204001010000002398b4f347644fc095fe147df48020400101000000022e235058644fc0551c6217a08020400101000000cec7b5a162644fc040aceddc6a8020400101000000dcdb888274644fc00b4f9e680d80204001010000001cbfa6bd77644fc0fcf21318fc7f2040, '2024-02-22 01:08:34', '2024-02-22 01:08:34'),
(10, '527171777', 0x0000000001040000000f0000000101000000887489343b624fc0adfc8dd195872040010100000097adf54542624fc058e949f48d87204001010000000af4893c49624fc03f085cb2858720400101000000b9944e7f51624fc0df52ce177b8720400101000000b788de9854624fc0e74fc01b778720400101000000b73533445f624fc0dc909092688720400101000000d49e927362624fc0c7bc8e38648720400101000000c1ee2a5a6f624fc0948a2194528720400101000000e195c91583624fc037401f1b3787204001010000007d0d1c2b8c624fc00e901e752a8720400101000000cdabdff192624fc06c5b94d920872040010100000012c2fe4696624fc033b1af2b1c8720400101000000f3e49a0299624fc0d09b8a5418872040010100000002f0f4ef9f624fc04076cd9a0e8720400101000000d0bb0c5aa3624fc037f4609c09872040, '2024-02-22 01:08:36', '2024-02-22 01:08:36'),
(11, '527171775', 0x00000000010400000007000000010100000055d2d4fc42624fc0c03456ac2b88204001010000002654707841624fc031f5a9190888204001010000008cc3f41840624fc04095e4caea8720400101000000f8db43673e624fc0d9f04f04cc8720400101000000fe56fcf03d624fc0d7db662ac487204001010000008888f60c3c624fc0dcd9571ea48720400101000000887489343b624fc0adfc8dd195872040, '2024-02-22 01:08:37', '2024-02-22 01:08:37'),
(12, '525056386', 0x0000000001040000000b0000000101000000d8947549e6614fc02fc8f19e5e88204001010000001e86fb6df4614fc0741717fd578820400101000000f70d02e1f9614fc0394d55905588204001010000001516815605624fc0e9d66b7a50882040010100000048cfe3e60a624fc0a34a83914d88204001010000003bc8467b17624fc0359314fd468820400101000000fae1314d22624fc0f1b677b24088204001010000003fbece9728624fc01c8a4c0a3d8820400101000000e0c4460f32624fc079a576d03688204001010000005c53c5f940624fc0a28b3cff2c882040010100000055d2d4fc42624fc0c03456ac2b882040, '2024-02-22 01:08:39', '2024-02-22 01:08:39'),
(13, '891386326', 0x0000000001040000001400000001010000000a9e42aed4614fc05327fb42238b20400101000000289d4830d5614fc06519e258178b20400101000000bcfac275d6614fc0c8ff2e7df98a2040010100000078f98cfada614fc0cfff06488f8a20400101000000b28f04d0de614fc0402fdcb9308a204001010000005d15a8c5e0614fc006f1811dff8920400101000000d9a0e52fe3614fc01e2c088ac48920400101000000a2258fa7e5614fc041ecf1e78089204001010000001f1329cde6614fc031a64f615b892040010100000018c68267e7614fc0d3832799418920400101000000bf1e5db6e7614fc0dd5b36df2d89204001010000007d8bf3dce7614fc0f3322f2c248920400101000000cb0e9656e8614fc06d80e37cfb88204001010000009b8af95ee8614fc0809d9b36e38820400101000000c5db943ce8614fc01efef565c48820400101000000ddc13ef0e7614fc04a4f47b6a9882040010100000012efa595e7614fc06e3315e291882040010100000007ff6cf5e6614fc0a0617b77758820400101000000ddf58887e6614fc042a4f0ea668820400101000000d8947549e6614fc02fc8f19e5e882040, '2024-02-22 01:08:42', '2024-02-22 01:08:42'),
(14, '479391337', 0x0000000001040000000f00000001010000005aa95615d0614fc0e9013d1e448c204001010000006cd2c842cf614fc02877442a318c2040010100000096c73fd8ce614fc06c89a6fd208c2040010100000055aa9f92ce614fc0bee5a03a0c8c2040010100000049449d5ece614fc0433a3c84f18b2040010100000025f8f076ce614fc0c50666e0db8b204001010000001f4f26c9ce614fc079ab538ac28b20400101000000d283ccdfce614fc035176eafbb8b20400101000000ccda0132cf614fc05553ed2eab8b2040010100000096ad9a8ccf614fc0d44fee2d9b8b20400101000000014ae8d3cf614fc0afacd96f928b204001010000009b98e436d0614fc0dfb76b53868b204001010000008927bb99d1614fc0a3563d05658b204001010000001e43b6e2d1614fc05fc2572a5e8b204001010000000a9e42aed4614fc05327fb42238b2040, '2024-02-22 01:08:44', '2024-02-22 01:08:44'),
(15, '479391334', 0x00000000010400000008000000010100000067f0f78bd9614fc0e07dfa74e18c20400101000000a3e0ce2ad8614fc0b2e8e797d28c20400101000000d9df23acd7614fc032923d42cd8c2040010100000098f6cdfdd5614fc0f5bd86e0b88c20400101000000040f1d4cd4614fc0e374ed66a18c20400101000000f9ae528bd2614fc05e6ff662838c2040010100000048aef60bd1614fc0c852358b618c204001010000005aa95615d0614fc0e9013d1e448c2040, '2024-02-22 01:08:45', '2024-02-22 01:08:45'),
(16, '524936847', 0x0000000001040000001b0000000101000000c07b478d09614fc0614e756d148e204001010000000341800c1d614fc0a0ee4d1df58d20400101000000507c6b161e614fc042be3a7df38d20400101000000661767672c614fc042f4ff05dd8d204001010000007207a0072d614fc0d771570adc8d2040010100000083c87d062f614fc0080264e8d88d20400101000000049b296332614fc09f77befad38d20400101000000cc1363f437614fc02d9386bfcb8d20400101000000654282983a614fc029869ad7c78d204001010000006ef5413b4c614fc0f486fbc8ad8d204001010000006298b8fa56614fc062742fe69d8d2040010100000037f3f5c65a614fc0f32c5272988d20400101000000fd4e93196f614fc0f1bdbf417b8d204001010000002f7887ca75614fc04f8935a6718d20400101000000fd570c0d7a614fc0469737876b8d20400101000000c8a9e7ee84614fc0366387e75b8d204001010000001b69047690614fc009a69a594b8d20400101000000d7d75f1b96614fc084b2953c438d2040010100000099ef856e9b614fc0b8825c983b8d20400101000000d9d8db1c9d614fc0d1b6f52e398d204001010000001b5b199ea8614fc00f0c207c288d20400101000000747b4963b4614fc0dc91fb67178d204001010000008de0359ebe614fc03de5e2b9088d2040010100000080608e1ebf614fc055415601088d204001010000002af7a7f9cf614fc0af528bd2ef8c20400101000000ecf42801d6614fc0d1a3f32be78c2040010100000067f0f78bd9614fc0e07dfa74e18c2040, '2024-02-22 01:08:49', '2024-02-22 01:08:49'),
(17, '524914883', 0x00000000010400000009000000010100000054c6bfcfb8604fc03f092241a78e20400101000000a7f56d77c5604fc04c21eb048f8e204001010000004fa5b09cce604fc007e0b07e7d8e204001010000000861c9b0e5604fc0873254c5548e20400101000000faee5696e8604fc096c4a39e4f8e204001010000007033260eea604fc01a0b54104d8e2040010100000081502855ec604fc087156ef9488e204001010000009a907b5f01614fc0a7f74322238e20400101000000c07b478d09614fc0614e756d148e2040, '2024-02-22 01:08:57', '2024-02-22 01:08:57'),
(18, '201135590', 0x0000000001040000000900000001010000000583103576604fc039094a76118f20400101000000339f18fe78604fc0e025dd3b0f8f2040010100000055df54ff7b604fc024c5b6fb0b8f20400101000000f0d46d9a88604fc05ded17a2f98e20400101000000364de9aa8a604fc0cf6cb2a1f68e20400101000000b71f95078e604fc04f5ebfbbf08e2040010100000069858ec29a604fc090831266da8e20400101000000c2dec4909c604fc0c7180e3ad78e2040010100000054c6bfcfb8604fc03f092241a78e2040, '2024-02-22 01:08:59', '2024-02-22 01:08:59'),
(19, '479391331', 0x0000000001040000000b00000001010000008803328518604fc0da3dd4111b8f204001010000003fbece9728604fc016b8e11c1a8f20400101000000b4e2c0502c604fc08ed4d6e3198f2040010100000037a5bc5642604fc00ccee0ef178f204001010000003a67fadb54604fc0777066aa168f204001010000003e6079eb57604fc0fb96395d168f20400101000000d8a83ddb59604fc018b0e42a168f20400101000000dbdd03745f604fc06cf6f69d158f20400101000000ec1d24fa6b604fc02b97d75b148f20400101000000074d011f72604fc04a40f108138f204001010000000583103576604fc039094a76118f2040, '2024-02-22 01:09:01', '2024-02-22 01:09:01'),
(20, '524720406', 0x0000000001040000000e00000001010000004216b36f38604fc011829f820d91204001010000003af6a22c32604fc0a4816962cb902040010100000046fd3f9825604fc050076811409020400101000000b39190ed21604fc07151d2681790204001010000006da34b4920604fc092657737059020400101000000628b38f81d604fc087698423ed8f20400101000000a4f6c7201c604fc0c7fe68eed78f204001010000008d727a281b604fc0d4c3865dca8f20400101000000db2967391a604fc0eeb25f77ba8f20400101000000f3b3eca419604fc04f0647c9ab8f20400101000000c3d32b6519604fc024366964a18f2040010100000029b3412619604fc09f7829d0828f20400101000000a678019b18604fc0eb49aa00298f204001010000008803328518604fc0da3dd4111b8f2040, '2024-02-22 01:09:03', '2024-02-22 01:09:03'),
(21, '678390044', 0x0000000001040000000200000001010000001278712c39604fc0664d2cf01591204001010000004216b36f38604fc011829f820d912040, '2024-02-22 01:09:12', '2024-02-22 01:09:12'),
(22, '524720405', 0x000000000104000000020000000101000000230b3d073b604fc0385783e62991204001010000001278712c39604fc0664d2cf015912040, '2024-02-22 01:09:12', '2024-02-22 01:09:12'),
(23, '524674733', 0x000000000104000000020000000101000000abbafda83c604fc07c98bd6c3b9120400101000000230b3d073b604fc0385783e629912040, '2024-02-22 01:09:13', '2024-02-22 01:09:13'),
(24, '524727987', 0x000000000104000000060000000101000000331af9bce2604fc016a243e0489020400101000000f49e6fb0dc604fc01827beda519020400101000000c39904148f604fc00ca77114c59020400101000000306a526573604fc08c54cecded902040010100000034d593f947604fc0029aad612b9120400101000000abbafda83c604fc07c98bd6c3b912040, '2024-02-22 01:09:14', '2024-02-22 01:09:14'),
(25, '524945600', 0x0000000001040000000c00000001010000000c66023400624fc044c362d4b58e20400101000000f958b043eb614fc00b009f69d38e2040010100000033203130e1614fc0ece3fca8e18e20400101000000d01e7931de614fc013c7cbe4e58e204001010000008eb0a888d3614fc0a16417b1f48e204001010000001637c9eab1614fc041182e61238f2040010100000012b00c6080614fc018c3e62d688f204001010000003e2df5e27a614fc05bc75d29708f2040010100000079a576d036614fc04d65f61ed38f20400101000000e37aca202d614fc0697baaf9e08f20400101000000bdce3c6f19614fc05b6bde27fd8f20400101000000331af9bce2604fc016a243e048902040, '2024-02-22 01:09:15', '2024-02-22 01:09:15'),
(26, '524945611', 0x00000000010400000005000000010100000059840772f5614fc0b600231e3f8e2040010100000010841a74f8614fc0b172c34a608e20400101000000d936d60ffb614fc0f013ac167d8e20400101000000d9ee1ea0fb614fc093f88150838e204001010000000c66023400624fc044c362d4b58e2040, '2024-02-22 01:09:16', '2024-02-22 01:09:16'),
(27, '479391333', 0x000000000104000000110000000101000000206f0388cc614fc02e6e4848498c20400101000000c14c254dcd614fc0d53439c65f8c20400101000000f5fd8aebce614fc0b1fdbf45828c20400101000000eff26382d0614fc0914eb8b29f8c204001010000001810b5c8d1614fc09e42aed4b38c204001010000001d3d7e6fd3614fc0341aaf2fc88c20400101000000ecf42801d6614fc0d1a3f32be78c20400101000000a9e5bd20d8614fc08a31fa1bfe8c20400101000000726a6798da614fc05ee0a8cb188d20400101000000ffd0274dde614fc044e3e4d9408d2040010100000064062ae3df614fc071581af8518d20400101000000868e1d54e2614fc09f0a13a16c8d204001010000009e8834e0e2614fc0130f289b728d2040010100000011871167ea614fc0f5087fd0c48d20400101000000f9b4d48beb614fc01eb97f76d18d204001010000007fceeedaef614fc0cae60533018e2040010100000059840772f5614fc0b600231e3f8e2040, '2024-02-22 01:09:19', '2024-02-22 01:09:19'),
(28, '524977722', 0x000000000104000000110000000101000000d768de16d1614fc03c5bf6da228b2040010100000030b4df7fd0614fc08294336f308b20400101000000ae090ed4ce614fc05760c8ea568b2040010100000049ba66f2cd614fc07d40a033698b204001010000007f2f8507cd614fc094467133818b2040010100000091860959cc614fc08a6e62ed948b20400101000000bb4d6ecacb614fc0925d6919a98b204001010000008c9bbfaecb614fc0eedd301bae8b204001010000001bcc704dcb614fc0c20765d0bf8b20400101000000b6ec5a8ccb614fc0cffb5af2d38b20400101000000bcf14982cb614fc031f1a20ada8b20400101000000df3df669cb614fc04772f90fe98b204001010000001bfa8271cb614fc01ac40776fc8b20400101000000682101a3cb614fc030455e7b0b8c20400101000000b61a6db0cb614fc05de5643d108c20400101000000d9c23de0cb614fc02c1f93d6298c20400101000000206f0388cc614fc02e6e4848498c2040, '2024-02-22 01:09:21', '2024-02-22 01:09:21'),
(29, '136467824', 0x0000000001040000001800000001010000001e7a41fadc614fc06a7ea1ecd28720400101000000b82462a5dd614fc0322e6695e38720400101000000474fdbd0de614fc0b34e4b62ff87204001010000000bc160edde614fc06af2391c028820400101000000c94164ecdf614fc0bd9af2d71a8820400101000000b14115ede0614fc09e2ba5c2338820400101000000629e95b4e2614fc010d72082608820400101000000449957bfe3614fc0be4461bc8b88204001010000006da23b2de4614fc0beeebe74a488204001010000002005f467e4614fc0b6735078bf882040010100000014fb157ce4614fc04ff0a88cda8820400101000000f6854666e4614fc03ea0223dfb882040010100000085e40929e4614fc00085c487238920400101000000567a127de3614fc0863710374c89204001010000006228cc20e3614fc0d7eabcd75a8920400101000000df1b9eb9e2614fc0dbccd71b6b8920400101000000f8bfc870e1614fc0cef9ced4908920400101000000408c6bd7df614fc06d455156c289204001010000003cef1010dd614fc02dfc2a0a058a20400101000000efe76f9dda614fc07c7e18213c8a204001010000004a253ca1d7614fc0974d25a8868a20400101000000511cf631d5614fc0becc66c4bb8a20400101000000abddc02ed4614fc0a51a5135d58a20400101000000d768de16d1614fc03c5bf6da228b2040, '2024-02-22 01:09:25', '2024-02-22 01:09:25'),
(30, '527105617', 0x00000000010400000007000000010100000077f52a323a624fc06fc04241848720400101000000849d62d520624fc03e42284a9d8720400101000000d63bdc0e0d624fc089409a56af87204001010000004ff16e1bfc614fc0f854a934bd8720400101000000bb004576ef614fc089c21d5ec6872040010100000046d3d9c9e0614fc048c89b57d087204001010000001e7a41fadc614fc06a7ea1ecd2872040, '2024-02-22 01:09:26', '2024-02-22 01:09:26'),
(31, '527171780', 0x0000000001040000000e000000010100000036fd7ed6a1624fc0214b30e6f88620400101000000c134b1659e624fc0d1c952ebfd8620400101000000aab69be09b624fc0f9f4d8960187204001010000005e9555229a624fc022b0cd210487204001010000002a32df6696624fc03df94f92098720400101000000af22a30392624fc01cc8c4f70f8720400101000000a2934a1d89624fc04578c59d1c87204001010000000d24def071624fc0bd0b4a873d87204001010000006886432564624fc0067a4db4508720400101000000590520a45d624fc0ba055ca15987204001010000006fea4d5656624fc02d5a25fd628720400101000000e49535fb4d624fc0b02d4d5b6d87204001010000001aee6d4441624fc0f6d61b107c872040010100000077f52a323a624fc06fc0424184872040, '2024-02-22 01:09:28', '2024-02-22 01:09:28'),
(32, '132363114', 0x0000000001040000003a00000001010000000aca7e2777644fc0e264d12ae97f204001010000007d5d86ff74644fc0fadd2a3ef47f2040010100000057b439ce6d644fc06a2c06b41980204001010000000457790261644fc0363575c35b80204001010000006a1fe16a53644fc000b672e5a280204001010000002a19a5f045644fc0a133c40ce880204001010000000d175eee38644fc067a7d5462b8120400101000000b54a557f29644fc07fa6b9707b81204001010000004c022f8e25644fc0576d48ed8f8120400101000000120a5bfd22644fc06ec6c4419d81204001010000005aa8eb3f21644fc0bd44ab49a6812040010100000090f7aa9509644fc02581bc0d20822040010100000003d0285dfa634fc00f7805476e8220400101000000cbfa287ee7634fc018721184d082204001010000002eabb019e0634fc0bd152e50f782204001010000001741086dde634fc030b2ae1b008320400101000000c548e5dcdc634fc0fc9930500883204001010000007c45b75ed3634fc06bbd3a223a832040010100000037ead78cc2634fc03f6df9ed908320400101000000a0cd6042bb634fc0eaa5738fb68320400101000000c3c2a453b2634fc00833b78ce58320400101000000211e8997a7634fc02c02ad0a1e8420400101000000d756a2a2a0634fc0976b7649418420400101000000b5e21b0a9f634fc010559d7a498420400101000000914b773293634fc03374475a858420400101000000e2900da48b634fc0fbed467aac842040010100000090cc34ab88634fc0db4136dabb8420400101000000223da0c783634fc0f874d080d58420400101000000e3c116bb7d634fc0239f573cf584204001010000000b88ff2a76634fc016cc4ef51a8520400101000000080b822271634fc0bc02d19332852040010100000010c6f4296c634fc0ab05f6984885204001010000003d015eb065634fc08571dcce638520400101000000880dbb945f634fc0851b3a877c852040010100000091589c7b59634fc0c1cf132a938520400101000000dc227a6352634fc05b6c49fdab8520400101000000fe593d714a634fc09a2d0f88c685204001010000002668dd5042634fc064f2bc0adf8520400101000000b812cb773a634fc077137cd3f485204001010000007d14bf7339634fc03ac14879f78520400101000000d065c5cb2e634fc079f29f241386204001010000005cd7796528634fc01dcc8179238620400101000000f38e537424634fc0724f57772c862040010100000002976ce11e634fc0ad0e25ff388620400101000000738b547314634fc0318fa1084e8620400101000000e8363c180c634fc030fc3b365d8620400101000000282b86ab03634fc08e017e326b8620400101000000a7165b52ff624fc007c3cab2718620400101000000bfdf1e3af3624fc09fbaa8cc838620400101000000b0a07ab5ed624fc0b89b960e8c86204001010000009cbe43f6e6624fc066dafe95958620400101000000d565e723df624fc08458479fa08620400101000000da9a632fca624fc01c6d0b85be8620400101000000cf262c96c7624fc08b8c0e48c286204001010000007d1a9c2dc5624fc024cf9ac4c58620400101000000a35291afa9624fc0e0f60489ed8620400101000000b5d72725a9624fc068925852ee862040010100000036fd7ed6a1624fc0214b30e6f8862040, '2024-02-22 01:09:37', '2024-02-22 01:09:37'),
(33, '479254940', 0x0000000001040000002c0000000101000000f4f5211400664fc050076811407c204001010000000e1c8645fb654fc0f91807f2477c204001010000009763682be5654fc02808c3256c7c2040010100000051a96d1ee2654fc0318a2f24717c20400101000000530b804cc6654fc0eb2928fb9d7c20400101000000d6b848ebb9654fc0ab6c697fb17c20400101000000db94e12eb1654fc0808ea042bf7c20400101000000a4b4ed6aa8654fc0e498d134cd7c20400101000000801d49939c654fc00a31f20de07c204001010000003dced9a788654fc02a99524dff7c2040010100000020e0ff7d7c654fc0c705b17d127d20400101000000bf9a030473654fc0e990e56e217d204001010000009c76e73f5a654fc0a50007a3487d204001010000000fed084c4c654fc035fbf2b85e7d20400101000000eb9d1be43f654fc0372dc25e727d2040010100000099fedb1b32654fc0f04a372e887d204001010000006803b00111654fc02e26ec91bc7d204001010000004240be840a654fc06b0597d8c67d204001010000005e58ed5003654fc0a654d33fd27d20400101000000a6e210bb00654fc0394ab956d67d2040010100000012aa2fa6f4644fc0dc03beece87d20400101000000428de7d8e6644fc071bbe188ff7d20400101000000dbf40c86df644fc0234fed670c7e204001010000002571fb8ada644fc0b931e2a7167e20400101000000bc28d599d6644fc0ea961de21f7e20400101000000be20d8a7d2644fc0af59d3612a7e2040010100000007697c15cf644fc09dafa3bb357e2040010100000063f437fcc9644fc02a053818457e20400101000000dcee8a85c6644fc0ee5f5969527e20400101000000e3ffe961c3644fc0352905dd5e7e204001010000004a89134ec1644fc0d7a546e8677e20400101000000929d6d24bf644fc09c2045f8727e204001010000004cf7dfefbc644fc078afffdf7d7e204001010000009b1029bcba644fc0674d87a9887e2040010100000061f07a7ab6644fc05508f53e9f7e20400101000000d5a99784b0644fc07570557ebe7e2040010100000088d5c4a7a5644fc0115c40c3f67e2040010100000062180b9e9d644fc0558f8f71207f20400101000000692332079c644fc01b7222b0287f20400101000000a9458ebe93644fc0b25b15f2527f204001010000003c3833558b644fc018456a357f7f20400101000000e5ea6c6d86644fc01d644804997f204001010000007a8d5da27a644fc06281afe8d67f204001010000000aca7e2777644fc0e264d12ae97f2040, '2024-02-22 01:09:43', '2024-02-22 01:09:43'),
(34, '530848322', 0x0000000001040000000200000001010000004be7c3b304664fc030911cfa387c20400101000000f4f5211400664fc050076811407c2040, '2024-02-22 01:09:44', '2024-02-22 01:09:44'),
(35, '530848321', 0x000000000104000000020000000101000000bb82c87d06664fc0ca80fd21477c204001010000004be7c3b304664fc030911cfa387c2040, '2024-02-22 01:09:44', '2024-02-22 01:09:44'),
(36, '678686939', 0x0000000001040000000200000001010000001803907f0b664fc00bc73da76a7c20400101000000bb82c87d06664fc0ca80fd21477c2040, '2024-02-22 01:09:45', '2024-02-22 01:09:45'),
(37, '532335749', 0x000000000104000000160000000101000000e6797077d6664fc0f42feeab178020400101000000ec415255b2664fc0193a7650897f2040010100000052f98d65b0664fc0a00898af817f20400101000000df8c9aaf92664fc06b717ca30c7f20400101000000f02d51627c664fc0c19c8f21b67e20400101000000632074756c664fc0bc6eb65e787e2040010100000064b5543948664fc02290a6d5eb7d204001010000005aff9da344664fc05fc5f363dd7d204001010000005b3920ae41664fc0e91b87b0d07d20400101000000e5daabea40664fc0fcda9f30cd7d20400101000000628cfe863f664fc01d0c2bcbc67d204001010000002d793c2d3f664fc0c5e00621c57d20400101000000d4d74eef3d664fc0f7d8a72dbf7d204001010000006acb6f873c664fc0a235f570b87d20400101000000f4e8fcca39664fc0205ad020aa7d204001010000004f0c248337664fc0268a90ba9d7d20400101000000689ce16135664fc0fdd98f14917d2040010100000022b4d43032664fc08b68e0ec7b7d20400101000000028640892a664fc077f86bb2467d20400101000000faf59e2523664fc0fd321823127d2040010100000054b428a215664fc0b1e1e995b27c204001010000001803907f0b664fc00bc73da76a7c2040, '2024-02-22 01:09:48', '2024-02-22 01:09:48'),
(38, '551237793', 0x000000000104000000020000000101000000d2020f67d9664fc06b69c93e238020400101000000e6797077d6664fc0f42feeab17802040, '2024-02-22 01:09:48', '2024-02-22 01:09:48'),
(39, '678390048', 0x000000000104000000030000000101000000f4ddad2cd1664fc0a812affc4380204001010000002db6a4fed5664fc0e182c712318020400101000000d2020f67d9664fc06b69c93e23802040, '2024-02-22 01:09:49', '2024-02-22 01:09:49'),
(40, '678390040', 0x0000000001040000000200000001010000009e31827cbf664fc0a708cb338a8020400101000000f4ddad2cd1664fc0a812affc43802040, '2024-02-22 01:09:49', '2024-02-22 01:09:49'),
(41, '524674732', 0x0000000001040000001c0000000101000000abbafda83c604fc07c98bd6c3b91204001010000007de6ac4f39604fc04ae8d3cf409120400101000000049b296332604fc0569f06674b9120400101000000898bedff2d604fc0b247a8195291204001010000004a18175811604fc0b46b8ce77d912040010100000033e774b405604fc07b8be2b08f9120400101000000caf7318bf55f4fc0b13acd5da69120400101000000e7bfacf5ea5f4fc0a39d899fb59120400101000000f0805770e45f4fc00fed6305bf9120400101000000514a0856d55f4fc06f078fdbd491204001010000009d5c9dadcd5f4fc0f9dfa52fdf9120400101000000ad8493d9c55f4fc0c4ef0115e99120400101000000fd39bb6bbf5f4fc0d85b6f40f091204001010000004e65ac91b85f4fc03b51b758f69120400101000000b1715875b15f4fc0cdb62e90fb912040010100000050b05af4a95f4fc05f645d37009220400101000000c0481e3e9f5f4fc074a8f0b10592204001010000000d61eb08965f4fc059c40b7d0b9220400101000000b0ccb62e905f4fc04575841d109220400101000000fa1a930f8b5f4fc0fbf89518159220400101000000b5a84f72875f4fc0708d19f21992204001010000008df3925a835f4fc049579f612092204001010000005a620a7b7f5f4fc099f562282792204001010000005cfee8407b5f4fc0a0c783882f922040010100000005696be9765f4fc0d05499733a9220400101000000f821ca726d5f4fc02f4fe78a5292204001010000008a6a5bde665f4fc0151857016392204001010000004089cf9d605f4fc04822eaf472922040, '2024-02-22 01:10:00', '2024-02-22 01:10:00'),
(42, '524945604', 0x0000000001040000000e0000000101000000268a35012b634fc069adc32c0f8d20400101000000f26e76b526634fc025a6553e158d204001010000009e95b4e21b634fc0b800d990248d2040010100000000b0952b17634fc06dacc43c2b8d204001010000007e2a5db00a634fc005ec59c63c8d20400101000000b818a831c6624fc01a80b2ce9d8d20400101000000cd672f91c1624fc0e13a6b5ca48d204001010000005ebbb4e1b0624fc0357392f7bb8d204001010000006ef9484a7a624fc007e68d38098e204001010000009c7a939515624fc077c9eeb8978e20400101000000d2c19f8614624fc0940a7437998e2040010100000074df7bc910624fc01a660d839e8e204001010000001cf3959b03624fc05e17d929b18e204001010000000c66023400624fc044c362d4b58e2040, '2024-02-22 01:10:02', '2024-02-22 01:10:02'),
(43, '528716874', 0x000000000104000000310000000101000000b31a5c8473644fc00c97b0917f8920400101000000f183f3a963644fc0981826aebe8920400101000000f2d1e28c61644fc09ae55718c789204001010000006e991df34b644fc080a4e3c51d8a20400101000000541454f943644fc01ce670523d8a204001010000005d3123bc3d644fc07a08991a578a20400101000000ee1120f939644fc09c4b169c668a204001010000002b64535337644fc06dd0f297718a20400101000000565f025c35644fc02dae96e0798a204001010000009854c8f033644fc03b5dcc85808a204001010000007ceb68c130644fc09315681c8f8a2040010100000065671bc92f644fc0b4ab90f2938a20400101000000f4cb16ff2d644fc0153944dc9c8a2040010100000032aeb8382a644fc017b3caf1af8a204001010000009929adbf25644fc0d5b551f8c78a204001010000005a3222ac21644fc095d8b5bddd8a204001010000005567b5c01e644fc0166c239eec8a204001010000005da626c11b644fc032f26899fb8a20400101000000a1d56e6017644fc0997917940e8b20400101000000d2510e6613644fc0c6ee4cb21f8b20400101000000ce44227e0f644fc088e1d9d42f8b2040010100000064f6c3190d644fc05481a499388b20400101000000fce1e7bf07644fc080666bd84a8b204001010000005de223bd03644fc0bbdd81f0578b204001010000003d0a7ceafd634fc05e9786866a8b204001010000003b29dda7f4634fc0b54c2b2a878b20400101000000b8dfebb5ea634fc000f8f1e1a38b20400101000000c8df0731e1634fc0b68df5c3be8b2040010100000033a1eea8d6634fc0d2e8691bda8b204001010000009a780778d2634fc0560449e9e38b20400101000000ef963f3ad0634fc08f667627e98b20400101000000d6fd0868c7634fc0fb1aeec8fd8b204001010000003261ea9dc0634fc01ccefc6a0e8c20400101000000babf7adcb7634fc0b81a7edc238c20400101000000783d3d5bac634fc0bca9edcb3e8c20400101000000beeebe74a4634fc01342aca34f8c20400101000000397183eb9b634fc09f776341618c20400101000000254dcd2f94634fc0fcec365e708c20400101000000b9e34d7e8b634fc0fac962ac808c2040010100000094e4147882634fc0ce137420908c20400101000000fee77aec78634fc043554ca59f8c20400101000000e09744076e634fc02f23ab11b08c204001010000004befd1d160634fc0aebe15e4c28c204001010000008abac5b24f634fc06cc19ceada8c20400101000000cfc76b1448634fc0434b68dce58c20400101000000baf9a12d42634fc092110654ee8c204001010000008c4aea0434634fc0d5eaabab028d20400101000000e24680892e634fc0d7ff94850a8d20400101000000268a35012b634fc069adc32c0f8d2040, '2024-02-22 01:10:11', '2024-02-22 01:10:11'),
(44, '528720688', 0x000000000104000000030000000101000000e1e93af999644fc086ea419ce28820400101000000c72de6e786644fc0ac13e170308920400101000000b31a5c8473644fc00c97b0917f892040, '2024-02-22 01:10:12', '2024-02-22 01:10:12'),
(45, '106548412', 0x0000000001040000001100000001010000006b4029ffff644fc06feb13e57787204001010000000859164cfc644fc0da42eb3c858720400101000000344690eff7644fc0f0c34142948720400101000000a20e2bdcf2644fc0ecc84741a68720400101000000151e34bbee644fc0920abec4b38720400101000000e7919ad1ea644fc003f7f2f1bf8720400101000000269419cae4644fc088974cbad28720400101000000caa3c0a7de644fc04f6feb13e58720400101000000e4e3c924d9644fc0a04a7265f5872040010100000046feaa6dd4644fc0bd602640038820400101000000665710b9cf644fc05c55f65d118820400101000000746d5e8bcc644fc0574513831b88204001010000002766bd18ca644fc0d0e682442488204001010000008f0fc4c3c5644fc03edbb463348820400101000000e5f7ec6fbf644fc06d65d35b4d88204001010000003adf991ab2644fc0c9810d3e838820400101000000e1e93af999644fc086ea419ce2882040, '2024-02-22 01:10:15', '2024-02-22 01:10:15'),
(46, '530685051', 0x0000000001040000000c0000000101000000573f36c98f654fc0416667d13b85204001010000005fb2f1608b654fc00e8bac904d8520400101000000236ea9de75654fc059576023a4852040010100000017a3096f6a654fc0e23e726bd2852040010100000065bb8cac46654fc05607e522638620400101000000a73ffb9122654fc0fcefd297ef86204001010000008bd69b621f654fc0202b5327fb862040010100000007e9ceb815654fc0d048dfff2287204001010000004c0ae2f20e654fc0e0e12cdb3d8720400101000000f4d088e30a654fc0a8d9a8f34d8720400101000000213a048e04654fc00d912e916687204001010000006b4029ffff644fc06feb13e577872040, '2024-02-22 01:10:17', '2024-02-22 01:10:17'),
(47, '136490725', 0x0000000001040000000200000001010000002c103d2993654fc0bf428b112e8520400101000000573f36c98f654fc0416667d13b852040, '2024-02-22 01:10:18', '2024-02-22 01:10:18'),
(48, '551237791', 0x00000000010400000014000000010100000060f536ecad664fc0b1d6f5b0bc8020400101000000db638e8aa4664fc0f28cc756e18020400101000000c33de0cb8e664fc0dd088b8a388120400101000000d808693288664fc058b4ef40538120400101000000e3923e085c664fc0f8167bd4048220400101000000caa31b6151664fc0e2b611aa2f8220400101000000bd361b2b31664fc01ce09398b18220400101000000be6a65c22f664fc06709d748b78220400101000000c870862c1c664fc0869d1848068320400101000000394ec06504664fc05bd2510e66832040010100000036a0efb8f2654fc0c54a1641ad83204001010000002c3de477e4654fc007a348ade6832040010100000031a9eb9ada654fc0c3cab2710e8420400101000000e801e264d1654fc0bc445090338420400101000000cca9ae8dc2654fc0e568e9656f84204001010000008d953daeb2654fc0477f1e59af84204001010000002b44d14dac654fc05eadc909c984204001010000005e0e6036a6654fc08175c185e184204001010000006502d94697654fc03882548a1d85204001010000002c103d2993654fc0bf428b112e852040, '2024-02-22 01:10:21', '2024-02-22 01:10:21'),
(49, '530685058', 0x00000000010400000014000000010100000001fbe8d495654fc078b3ab3539852040010100000099092bba9a654fc0ed551ae7258520400101000000bf3cae57a2654fc056d1c4e006852040010100000062d9cc21a9654fc03a765089eb842040010100000074bdc85fb5654fc00038f6ecb9842040010100000085a1c49dc1654fc0c6f99b50888420400101000000c1525dc0cb654fc03a4261ab5f84204001010000002228c819d4654fc0c2f693313e84204001010000002fcb8dd8dd654fc04876001f178420400101000000b287516bf5654fc02b0593d1b78320400101000000ab3dec8502664fc04675dfd682832040010100000054782ba62d664fc052ac6411d48220400101000000a4e8dc4834664fc07dfdb561b98220400101000000b2a3cc6152664fc05c6d6a454082204001010000005e4c8e965e664fc016dd7a4d0f82204001010000001c77ef4d78664fc09e53da2ca88120400101000000c7ac286f91664fc025f213bd4281204001010000009d4429c69e664fc0ffba89100d812040010100000024a6fa84a2664fc0842c0b26fe802040010100000052cb7b41b0664fc03baf0c05c7802040, '2024-02-22 01:10:30', '2024-02-22 01:10:30'),
(50, '530685062', 0x0000000001040000000200000001010000007a234e8292654fc0b2e20ade46852040010100000001fbe8d495654fc078b3ab3539852040, '2024-02-22 01:10:31', '2024-02-22 01:10:31'),
(51, '528720686', 0x0000000001040000002100000001010000000305dec9a7644fc0448c32761d89204001010000000e3ad7e6b5644fc0676902a0e588204001010000004aeb6f09c0644fc0876bb587bd882040010100000057a2a2a0ca644fc0c7a6f0fb928820400101000000ad8d0ccdd0644fc08c12f4177a8820400101000000c8a87c19d6644fc07a39ecbe63882040010100000056cdbdd1d8644fc0261eabef5788204001010000001348895ddb644fc0fd25f3d94b8820400101000000caa3c0a7de644fc08f09e7093a8820400101000000c87dab75e2644fc0ff7e8c14258820400101000000e3cc6559e6644fc0ec5dcd4b0f88204001010000004772f90fe9644fc047f47c17008820400101000000b0e83125ed644fc0a6a20cb0ea8720400101000000c0a3d7b0f0644fc062f14009d88720400101000000f47c1700f4644fc00554933bc78720400101000000db2ed91df7644fc06cf420f3b78720400101000000503f5efef9644fc09d1f9095a9872040010100000090c657f1fc644fc08109dcba9b87204001010000002aadbf2500654fc0f9e010058e87204001010000006a06a7f402654fc088ac2468828720400101000000d41bff4f0f654fc0b37bf2b05087204001010000001ad6f95c12654fc01e7123c044872040010100000066f4482822654fc045f64196058720400101000000e76ad03c25654fc0d97e8d7ffa8620400101000000b031f9b028654fc09e077767ed86204001010000004e4ea37f38654fc0222d3afeb0862040010100000027d3b2ff4b654fc0a40051306386204001010000008ed02a8e5e654fc0d6726726188620400101000000f7e406e863654fc070534d5a02862040010100000094f540d076654fc0d3c5014fb58520400101000000572250fd83654fc01d160f9480852040010100000070592a148e654fc0bb39a6385885204001010000007a234e8292654fc0b2e20ade46852040, '2024-02-22 01:10:36', '2024-02-22 01:10:36'),
(52, '528720683', 0x000000000104000000050000000101000000ed2f16e181644fc08a69f008b88920400101000000159227a490644fc04feed2e17c892040010100000037e6d07d94644fc010da61026d8920400101000000dd6cbdf094644fc028c643296b89204001010000000305dec9a7644fc0448c32761d892040, '2024-02-22 01:10:36', '2024-02-22 01:10:36'),
(53, '524742284', 0x0000000001040000004c0000000101000000fb4f487c38614fc07345ce67e58f2040010100000066f50eb743614fc09f437463d58f20400101000000b0d69af749614fc08baf2c87cc8f20400101000000aa78c83956614fc0dc5bdb25bb8f20400101000000ba6180e959614fc0f6f708ebb58f20400101000000d348f02b7b614fc009933d9d868f20400101000000bce7c07284614fc06f5ba505798f20400101000000acbfca468c614fc063ec29de6d8f20400101000000db38bde6b0614fc030630ad6388f204001010000001718682dbb614fc0afcf9cf5298f204001010000005f57dd34c7614fc0ca4ee4ee188f204001010000009314fd46e0614fc02f055a70f58e2040010100000035df77c201624fc036de67a6c58e204001010000003f390a1005624fc0e51fc720c18e204001010000009619805715624fc0afb893e3a98e204001010000004ce8894226624fc003c5d9be918e204001010000001caa735655624fc0e44d7e8b4e8e204001010000002c94f1947a624fc070d5d061198e204001010000005eb7add282624fc07cc2c8810d8e20400101000000ebe2361ac0624fc08bd18437b58d204001010000009662a29cc3624fc0294cce3fb08d2040010100000036b9ce75d0624fc0f761180b9e8d204001010000007ae7ab3f1d634fc0d5a6fb4a318d20400101000000061a225d22634fc0cd446c0b2a8d20400101000000aafef79628634fc0b3ab3539218d20400101000000ccf67c282c634fc00932022a1c8d2040010100000053fc299f2f634fc0bfc0070a178d204001010000004498ece934634fc069650cbd0f8d204001010000009c983ff042634fc08b09206bfc8c204001010000004e092d9045634fc0b0d705cdf88c20400101000000cd2ecece58634fc0bec7f4dfde8c204001010000005772bad16c634fc03da70f13c38c204001010000009e60ff756e634fc0eb10493ec08c2040010100000078f17edc7e634fc0e0a4c409a78c20400101000000ab4ebd2484634fc02c19b61c9e8c2040010100000055e2957f88634fc089c44ec2968c2040010100000051aad8f390634fc020459db9878c20400101000000840d4faf94634fc0fac962ac808c20400101000000a268797995634fc0dd88dd2d7f8c204001010000001d22c90798634fc00ff10f5b7a8c2040010100000014bd42d59e634fc07bbe66b96c8c20400101000000105dab98a5634fc0f3dd52735e8c20400101000000f5e85784ac634fc0724ae5924f8c204001010000006372b4f4b2634fc0b5842117418c204001010000008871edfabb634fc00de60a4a2c8c20400101000000dd3c7a68c4634fc0ca541c62178c20400101000000a90a5751cd634fc0d08fd0e0008c20400101000000e8e73c19d2634fc02976340ef58b204001010000000a140c42d4634fc0a91f8ab8ef8b204001010000006239f878d7634fc0601624c7e78b20400101000000470d5cd4dd634fc0562f1a8dd78b20400101000000623c39f9e3634fc0171ba9adc78b204001010000001c711294ec634fc05e8da2bdb08b204001010000009ed32cd0ee634fc079b93e62aa8b204001010000008a422674f2634fc0f6e51604a08b20400101000000df0db3e1fa634fc08524b37a878b20400101000000bbf2599e07644fc05ea27a6b608b20400101000000e33785950a644fc06e9c5e73588b20400101000000f30cd06c0d644fc0a16c25cf508b20400101000000ebb3b92011644fc04774cfba468b20400101000000e98da4ee14644fc05e4bc8073d8b20400101000000826ed4af19644fc04662ddd3308b20400101000000d212d0e91e644fc07d02cd8c238b204001010000007cba151d24644fc0fb96395d168b204001010000009893066d28644fc00c4169030b8b2040010100000066738baf2c644fc0d7f61b92ff8a20400101000000ab55606d31644fc0c09d9f3df28a204001010000003860fcd934644fc0dd09f65fe78a2040010100000066063b0f38644fc0063873fedc8a20400101000000ff2e22403c644fc0a275f97bce8a204001010000009e2ee64240644fc056c73bd1bf8a204001010000005ae5f85745644fc0c6f4296cab8a204001010000004fbcb9ae4e644fc045df3884858a204001010000006d54a70359644fc0d788601c5c8a204001010000000658f50368644fc0318b9af91f8a20400101000000ed2f16e181644fc08a69f008b8892040, '2024-02-22 01:10:48', '2024-02-22 01:10:48'),
(54, '524727986', 0x000000000104000000070000000101000000fc427eece4604fc08ff0074d5c9020400101000000c6b9f2fee4604fc0f5fd2f325c9020400101000000519841c6ed604fc0f52801d64f902040010100000025a6553e15614fc006f7031e189020400101000000e77bfc9419614fc0fd0406ff11902040010100000032ab77b81d614fc08900f1040c9020400101000000fb4f487c38614fc07345ce67e58f2040, '2024-02-22 01:10:49', '2024-02-22 01:10:49'),
(55, '525260242', 0x0000000001040000000c0000000101000000abbafda83c604fc0deaaeb504d9120400101000000834a010e46604fc0cd565ef23f9120400101000000c23060c955604fc01481a092299120400101000000aad4ec8156604fc0b003e78c289120400101000000b749a01c60604fc075d487e41a9120400101000000a5f21bcb60604fc05e503aec199120400101000000ec2818df61604fc04714a4631891204001010000001afd683865604fc0c675429e139120400101000000b0a316ef6c604fc049efc0a508912040010100000086d73f9990604fc0633f30ecd590204001010000003c783760a1604fc02eb022febc9020400101000000fc427eece4604fc08ff0074d5c902040, '2024-02-22 01:10:51', '2024-02-22 01:10:51'),
(56, '524393934', 0x000000000104000000190000000101000000ba64c169665f4fc03683ae337492204001010000001b683ee76e5f4fc0eec4f6a45d9220400101000000c9923996775f4fc0bd8a8c0e4892204001010000001facb5e67d5f4fc0eeb5fbb03992204001010000009f307260835f4fc029ab8ec12f92204001010000007976f9d6875f4fc02149ff8128922040010100000059654bfb8b5f4fc0f4f0af2f2392204001010000007a85aa3d915f4fc07a9ff4cf1d922040010100000042a2bf86965f4fc0abbf6f8d1992204001010000007abc35559c5f4fc096a3b6c31592204001010000004c1938a0a55f4fc0452dcdad109220400101000000ffb27bf2b05f4fc0726836340a922040010100000079bc7fe2b65f4fc01b5def48069220400101000000c974e8f4bc5f4fc005d1a45e0192204001010000001f042ed9c25f4fc014ababa7fb9120400101000000c935aa78c85f4fc0dc20a4b8f491204001010000001f35817dcf5f4fc0e7a507aaeb912040010100000086713788d65f4fc0986fd811e29120400101000000391fe8b2e25f4fc0244edd4bd09120400101000000cf9ac4c5f65f4fc015d56c2fb39120400101000000ebcfd95dfb5f4fc0541fa397ac912040010100000067da594f08604fc0b1659e019a9120400101000000a1b0d52f22604fc06b3a4c4574912040010100000057f5a8ae32604fc07e5704ff5b9120400101000000abbafda83c604fc0deaaeb504d912040, '2024-02-22 01:10:55', '2024-02-22 01:10:55'),
(57, '136366935', 0x0000000001040000000d00000001010000002fc8f19e5e604fc0c436f3f5c6922040010100000084a4aa645b604fc0174e2db6a49220400101000000574c5b1256604fc07c821f306a92204001010000006f6017ea55604fc08964236b689220400101000000c54840964f604fc0241928df22922040010100000097885c154d604fc0d3d80352079220400101000000919d126b4c604fc0d68052feff9120400101000000fee9ab5049604fc0e113a1c7de912040010100000084e0a76043604fc00a21318b9a912040010100000061aea0c442604fc0859dbd8e9391204001010000003807191241604fc04739984d809120400101000000b676ecb13e604fc0eaee95d4649120400101000000abbafda83c604fc0deaaeb504d912040, '2024-02-22 01:10:58', '2024-02-22 01:10:58'),
(58, '524674744', 0x0000000001040000000400000001010000002fc8f19e5e604fc0c436f3f5c692204001010000008021f5e857604fc01e2f490ad19220400101000000cac8b49146604fc00aaafc21ec92204001010000009f967a713d604fc04c46dfeef6922040, '2024-02-22 01:10:59', '2024-02-22 01:10:59'),
(59, '524674737', 0x000000000104000000030000000101000000c6a1235e43604fc0d3b7713040932040010100000056687b4f40604fc04093b3661a93204001010000009f967a713d604fc04c46dfeef6922040, '2024-02-22 01:10:59', '2024-02-22 01:10:59'),
(60, '524674740', 0x0000000001040000000400000001010000000a7b7f283d604fc0cc79c6be64932040010100000044e3e4d940604fc0bb95ca80589320400101000000c673113a43604fc0fdf7e0b54b9320400101000000c6a1235e43604fc0d3b7713040932040, '2024-02-22 01:11:00', '2024-02-22 01:11:00'),
(61, '73298191', 0x000000000104000000080000000101000000f583ba48a15f4fc04956348c71942040010100000053808351a45f4fc08813f3075e942040010100000063b1f270a75f4fc037386cb64d9420400101000000ae563728ab5f4fc0d9322aba3f9420400101000000beaf80f8af5f4fc028e7d54a3294204001010000008ca37213b55f4fc00801f9122a9420400101000000361081d9f35f4fc0129b34b2d093204001010000000a7b7f283d604fc0cc79c6be64932040, '2024-02-22 01:11:01', '2024-02-22 01:11:01'),
(62, '527171783', 0x00000000010400000008000000010100000047fc2f7ce9614fc07855b142db87204001010000000a230736f8614fc09b7e3febd087204001010000005daed92505624fc07c708802c78720400101000000b5dc3e5013624fc0476ef200bb87204001010000008335cea623624fc0259b06a0ac8720400101000000e773493030624fc0257e20d4a08720400101000000443cc8a134624fc0c8b5a1629c8720400101000000887489343b624fc0adfc8dd195872040, '2024-02-22 01:11:06', '2024-02-22 01:11:06'),
(63, '527165496', 0x0000000001040000000700000001010000006e0498e8e2614fc0df162cd5058820400101000000aa1c4938e3614fc0b5464e70fb87204001010000001a1aaabde3614fc03c5d273ff38720400101000000f6e16aaee4614fc0ab178dc6eb8720400101000000616413aae5614fc02b099ae0e5872040010100000013375d05e7614fc08d9944bde0872040010100000047fc2f7ce9614fc07855b142db872040, '2024-02-22 01:11:07', '2024-02-22 01:11:07'),
(64, '525056385', 0x000000000104000000040000000101000000d8947549e6614fc02fc8f19e5e8820400101000000cc762a85e5614fc082fc112b488820400101000000686f3a13e4614fc08fcf1a722288204001010000006e0498e8e2614fc0df162cd505882040, '2024-02-22 01:11:08', '2024-02-22 01:11:08'),
(65, '525260243', 0x000000000104000000020000000101000000abbafda83c604fc0deaaeb504d9120400101000000abbafda83c604fc07c98bd6c3b912040, '2024-02-22 01:11:08', '2024-02-22 01:11:08'),
(66, '678655919', 0x0000000001040000000200000001010000006f073422625f4fc0002b76ea809220400101000000ba64c169665f4fc03683ae3374922040, '2024-02-22 01:11:09', '2024-02-22 01:11:09'),
(67, '132365387', 0x000000000104000000020000000101000000f4f5211400664fc050076811407c2040010100000023d0aae001664fc0e4a9a2d34e7c2040, '2024-02-22 01:11:14', '2024-02-22 01:11:14'),
(68, '132365390', 0x000000000104000000710000000101000000d6daa09ba2684fc0596abddf686f20400101000000377980dd9f684fc04460f6fc7a6f20400101000000b6ee8bf09b684fc0eee82400a46f2040010100000099db18969a684fc04799c3a4ae6f20400101000000b91ad99596684fc09de6d319ce6f20400101000000c1cf132a93684fc01d774a07eb6f204001010000003ffd67cd8f684fc087a350bb04702040010100000093437a408f684fc084ab4dad087020400101000000009013268c684fc0a99322e81e702040010100000086b4215a86684fc04d373fb44570204001010000001f64fe767e684fc0463e54bf7770204001010000009cfbabc77d684fc06117450f7c702040010100000050b28b587a684fc08c4cc0af9170204001010000008e38094a76684fc098d821a3a8702040010100000007a9256772684fc0876bb587bd70204001010000006e0a75a26e684fc00707205ad070204001010000007b6242716c684fc048a30227db702040010100000016139b8f6b684fc05e770481df7020400101000000a74fbc1468684fc0e4373b08f070204001010000007fae6cd564684fc00d58cdcefd7020400101000000a5aa645b61684fc02321db430c7120400101000000f5fd2f325c684fc0b920b64f2271204001010000008021f5e857684fc0d9435612347120400101000000f68a5d914e684fc037f3f5c65a7120400101000000dba337dc47684fc0ff4f0f1b767120400101000000d882de1b43684fc084a8b1738971204001010000006c674e4d38684fc068b3ea73b57120400101000000def1dc312b684fc064c7eb66eb7120400101000000fb9c71d014684fc0a7de64654572204001010000001d27e03202684fc0802e75eb907220400101000000ea7ea9faf0674fc0bb360affd87220400101000000697baaf9e0674fc0db5db1d0187320400101000000f3d13d46d4674fc0a92160634d7320400101000000360186e5cf674fc0c33f11305f7320400101000000699d02aac9674fc063997e897873204001010000003958a42ebe674fc0cfaf9c73a6732040010100000048461850b9674fc0be423058bb7320400101000000aaa8b008b4674fc0a6b0f787d27320400101000000d19cab9cac674fc0e281b7f6f47320400101000000286b2ffda6674fc0cefc6a0e10742040010100000006178623a3674fc0fa997add227420400101000000bae1d28ca0674fc0d04b20802f7420400101000000132dd4f59f674fc051c2a794327420400101000000692332079c674fc01d7f5825477420400101000000a02ef76e98674fc025fecd305a7420400101000000199f138c94674fc0df1b430070742040010100000050ec57f091674fc07733fed87f742040010100000040170d198f674fc0c87e164b91742040010100000071659afa8a674fc0df3c30dba97420400101000000c03c64ca87674fc0f9122a38bc7420400101000000289eb30584674fc0464662ddd374204001010000006067f9707f674fc044882b67ef74204001010000003effe2be7a674fc095c84ff40a7520400101000000ed40423976674fc034924e6e2575204001010000001c2cf75d6c674fc0c233a1496275204001010000008eb685425f674fc0ab9a7ba3b175204001010000003d26f7e05a674fc098a59d9acb75204001010000009d8d4b0b4d674fc092b3b0a71d762040010100000073eb7fca42674fc061d4ff83597620400101000000095ba2693f674fc0eba122f36d762040010100000018fe1d9b2e674fc0a6f27684d3762040010100000066a19dd32c674fc0aca4ba25de7620400101000000bbbfd5952a674fc064f5fd8aeb7620400101000000e0e9df3f27674fc0d7868a71fe76204001010000001f1a715c21674fc0128024912277204001010000005380de0a17674fc022286d6061772040010100000040a4dfbe0e674fc0f0c34142947720400101000000fa3c900601674fc00df0ee12e67720400101000000f4be96fcf4664fc04c95deed3078204001010000006a42a4f0ea664fc040d4c78d6c782040010100000058b49487e0664fc0553948e3ab7820400101000000532ba798de664fc00d62b197b77820400101000000c5909c4cdc664fc02473767cc5782040010100000049055fe2d9664fc0cf296d16d478204001010000004c4b51d3d3664fc028f4fa93f87820400101000000c89f0326cb664fc00757e5e72b7920400101000000501e7123c0664fc00f4af3226e7920400101000000b430557ab7664fc09b66cb03a279204001010000007f1a52a0aa664fc09d71d014f07920400101000000e6f16a6fa6664fc019f55a1a097a204001010000000d3c52d8a0664fc04f519a722a7a2040010100000044ff5fd09d664fc0b72000dd3c7a204001010000000a7d55d39a664fc04913ef004f7a20400101000000521be61599664fc0aecd6b91597a20400101000000eabe524c94664fc0c34bcba3767a2040010100000088fd54cb8c664fc059cd29b7a37a20400101000000a822707f89664fc043eb3c85b77a20400101000000d55dd90583664fc06bfde373dd7a20400101000000880e812381664fc0c465cba8e87a20400101000000efcbf4a67d664fc02510655efd7a20400101000000e65df58079664fc0d1031f83157b204001010000009a5c8c8175664fc085ac133c2a7b204001010000002bf5d14e72664fc0b9fe5d9f397b20400101000000680586ac6e664fc08db800344a7b20400101000000fee4396c6c664fc022e3ace3537b204001010000008786c5a86b664fc08640892a577b204001010000009af7ee456a664fc04281d2ab5c7b2040010100000036806db367664fc084656ce8667b20400101000000bb0ed59464664fc04293c492727b20400101000000f2d1e28c61664fc0196547f47c7b20400101000000c9586dfe5f664fc05ed1521e827b204001010000006585c7235d664fc01215aa9b8b7b20400101000000fd14c78157664fc09e4a61399d7b20400101000000d7f5b0bc50664fc0e7b86466b07b20400101000000c227e7d54a664fc04aeb6f09c07b2040010100000030f081c245664fc080a54e9bcc7b20400101000000a9c2fa9a40664fc032c9c859d87b20400101000000e7621dd83b664fc06ff02a10e27b204001010000002c3c79a235664fc027614b34ed7b20400101000000bfccc17d2e664fc0fd5aa846f97b20400101000000dc662ac423664fc08a20cec3097c20400101000000e92807b309664fc0b15a4f63317c204001010000004be7c3b304664fc030911cfa387c2040, '2024-02-22 01:11:31', '2024-02-22 01:11:31');
INSERT INTO `path` (`path_id`, `osm_id`, `coordinates`, `created_at`, `updated_at`) VALUES
(69, '479254939', 0x000000000104000000650000000101000000d98a47f311664fc0f756c96c357c2040010100000000b0952b17664fc06c5ed5592d7c2040010100000088e98c3919664fc0a3f3d02d2a7c20400101000000c999dcde24664fc09ae4ec42187c2040010100000074c0649934664fc03cc2c47afe7b204001010000001186a6913b664fc066101fd8f17b204001010000004411f7fd40664fc07872970ee77b20400101000000943f29a446664fc037662321db7b2040010100000092ff6e264b664fc036b9ce75d07b20400101000000e3d17c8450664fc0a88b14cac27b20400101000000102accd655664fc0bce58f0eb47b20400101000000b3846ba45b664fc0c4550a26a37b20400101000000932b065960664fc0bade910c947b20400101000000fc5987fe64664fc0a4a5f276847b204001010000005393e00d69664fc02917748c757b204001010000007044f7ac6b664fc0cf66d5e76a7b20400101000000a4dbb7ff6d664fc0bc1a457b617b20400101000000d1f1875572664fc0a2444b1e4f7b20400101000000f45fd67a75664fc07a6c70c7407b20400101000000b6d9588979664fc0a71a62612d7b204001010000002ceadd697c664fc0e597665f1e7b20400101000000e38dcc237f664fc05e47c1f80e7b2040010100000028b8585183664fc04c46dfeef67a20400101000000346f8be88d664fc096a1e018b87a20400101000000835d031198664fc06e556d927a7a20400101000000bb01b04b9e664fc0752387e3547a20400101000000312cda77a0664fc0edb204be477a20400101000000289f7994a5664fc026be7f98297a2040010100000050caff3fa9664fc07ff78e1a137a20400101000000461dc29db0664fc0497e69f6e579204001010000002fa2ed98ba664fc0cd5b751daa7920400101000000902fa182c3664fc0e20e8a9c7479204001010000004f498c54ce664fc0b625bc4e347920400101000000c6ca1e57d9664fc04925862ef27820400101000000aca4ba25de664fc0d49eed2cd578204001010000008780e8eedf664fc08dfd1b6aca78204001010000007b14ae47e1664fc0b40bbc49c278204001010000001bbe8575e3664fc02c9b3924b578204001010000003ef08c11e4664fc00470b378b17820400101000000fac04472e8664fc0069e7b0f97782040010100000060394206f2664fc0dc59057b5d78204001010000001fdd6344fd664fc0d5f6651f1a7820400101000000494be5ed08674fc0e152df43d37720400101000000f3b3eca419674fc00fa6176b6e7720400101000000d0b8702024674fc006dbe3e02d7720400101000000d201a4912a674fc043d664d7077720400101000000a263624e2b674fc03a0c41690377204001010000005eec623f30674fc0dee11bafe5762040010100000000c5c89239674fc066cc13bead7620400101000000fdace8c53f674fc0a3c794b487762040010100000016a243e048674fc05902df23517620400101000000a34a83914d674fc0b50b1703357620400101000000b5beedae58674fc0cc796b05f275204001010000008423edeb65674fc0a650cc30a4752040010100000073ad07dd6f674fc03638b643687520400101000000eb90f69a79674fc07896c5692d7520400101000000340aeeac82674fc0be4978e7f57420400101000000ec408cc690674fc0495a3b9b9f7420400101000000534f30ad97674fc0e178e3497774204001010000002d3993db9b674fc01624c7e75f74204001010000004fa7e1009f674fc0ae7c3b2e4f7420400101000000a81abd1aa0674fc0286959524974204001010000004d4d8237a4674fc07ac5538f347420400101000000fde54988a8674fc091c71d801e7420400101000000476bb180ae674fc094cd0b660274204001010000007a522635b4674fc0a70aa1dee77320400101000000b80f2f3ebb674fc0292a768fc773204001010000009ed55d34bf674fc04966f50eb7732040010100000007600322c4674fc024a6fa84a27320400101000000318c05cfce674fc0c936154e777320400101000000afbc9af2d7674fc06baf4f4a5273204001010000002f55c444de674fc04877c6ad387320400101000000feb38b0eed674fc0e420d73cfd722040010100000096a828a8f2674fc084961a46e67220400101000000a7ba360aff674fc0f7e9d385b37220400101000000eb200ac105684fc0faa70afc977220400101000000860b2f771c684fc005f291393b72204001010000004b581b6327684fc0d535a49b0e7220400101000000f4f3f0af2f684fc075464a69ec712040010100000008bc822337684fc00298d7b6cd71204001010000001e0fc70446684fc07b432b419071204001010000006ae8555348684fc0cd04c3b986712040010100000000474c9a50684fc0c113c48a647120400101000000e08096ae60684fc0821b295b24712040010100000078a3456c66684fc0d02280400c7120400101000000e12deb596b684fc08e210038f67020400101000000afdf5d786f684fc032a42f29e37020400101000000de5dc2fc70684fc0ad68739cdb7020400101000000896764eb74684fc046297c11c8702040010100000081b2295778684fc09118f329b6702040010100000008420d3a7c684fc0d8fa7d5aa07020400101000000b8acc26680684fc06ece77a68670204001010000000f289b7285684fc0e30b491c6870204001010000003090b1248a684fc022646a5c497020400101000000109370218f684fc039019711287020400101000000620f92aa92684fc0f3f22a210e7020400101000000828b153598684fc05694b7c8e26f20400101000000c83fd8ce9c684fc05cfa3cebbf6f20400101000000dfc325c79d684fc072f90fe9b76f204001010000007dbdb156a3684fc09bdbce08806f20400101000000d6daa09ba2684fc0596abddf686f2040, '2024-02-22 01:11:49', '2024-02-22 01:11:49'),
(70, '678686942', 0x0000000001040000000800000001010000001803907f0b664fc00bc73da76a7c20400101000000b33d1f0a0b664fc016dc0f78607c20400101000000d1b2ee1f0b664fc0bbc3dca4587c204001010000002a406f850b664fc0a1528083517c204001010000006b15585b0c664fc08124ecdb497c204001010000002fc95c740d664fc0555c0b69437c2040010100000058e6adba0e664fc0c8b3cbb73e7c20400101000000d98a47f311664fc0f756c96c357c2040, '2024-02-22 01:11:50', '2024-02-22 01:11:50'),
(71, '524797898', 0x0000000001040000000300000001010000001e5f31d92e604fc09bf4087fd090204001010000009e59b7e633604fc0dfb4cf190791204001010000003860fcd934604fc0ebb3b92011912040, '2024-02-22 01:11:55', '2024-02-22 01:11:55'),
(72, '524797904', 0x000000000104000000050000000101000000e59d9ed21c604fc0d7d182610a90204001010000005cb45b261e604fc07c838a05199020400101000000ac2a453c23604fc02a7e422c5190204001010000006cee43392c604fc0b0517bb6b390204001010000001e5f31d92e604fc09bf4087fd0902040, '2024-02-22 01:11:56', '2024-02-22 01:11:56'),
(73, '524799529', 0x0000000001040000001200000001010000009ea0a8c711604fc063b7cf2a338d204001010000007a54fcdf11604fc0752b3a483e8d20400101000000cd0aa07312604fc059b8f64f818d2040010100000014b7651b13604fc07af18f08d78d204001010000003dee5bad13604fc0a547f883268e20400101000000f683150214604fc02d49f9a46e8e20400101000000c6ff780a14604fc0bed64a8d758e20400101000000d237691a14604fc0b87eb042808e204001010000006006befd14604fc0a5106d6c1b8f20400101000000133b641415604fc05c61b0d1288f20400101000000366d6bb015604fc0bc71f7de848f20400101000000a70ea8ed15604fc002f0f4ef9f8f2040010100000018def64e16604fc0dc86acc9ae8f20400101000000cb6ec1ad16604fc09adcde24bc8f204001010000006519e25817604fc0c9491751c98f204001010000006b60504b18604fc08bcc1253d88f204001010000004ce548c219604fc0a1bdfa78e88f20400101000000e59d9ed21c604fc0d7d182610a902040, '2024-02-22 01:11:58', '2024-02-22 01:11:58'),
(74, '527083002', 0x0000000001040000001a000000010100000070dfb42ad35f4fc0148b29a2708b2040010100000004650921d65f4fc057d7570d788b20400101000000061eceb2dd5f4fc06b60ab048b8b204001010000003f52e9cce25f4fc05e0b1fb6998b20400101000000de3d40f7e55f4fc0831ec594a38b204001010000000064d7ace95f4fc0cae77008b08b204001010000006f83da6fed5f4fc010d9f62cbe8b204001010000007362b433f15f4fc020555e3ccd8b204001010000007d321015f45f4fc00dd30847da8b20400101000000ed6bb823f75f4fc0661b13bde78b20400101000000c70d64e2fb5f4fc02a2389b9ff8b204001010000006c5ace4aff5f4fc05073f222138c20400101000000c9cc60e701604fc023e5dd47248c204001010000006fd74b5304604fc00e23ced4358c204001010000005c7a8f8e06604fc0461273ff478c204001010000009cbf098508604fc00ec237a8588c20400101000000de66e03609604fc0222ea5d35f8c204001010000006c63473e0a604fc07cde43786a8c20400101000000ca4ba36e0c604fc0f2cc70a8848c2040010100000058a42ebe0d604fc07e022846968c2040010100000087c66efa0e604fc0c6980524ab8c2040010100000057b2632310604fc0e313573ac48c20400101000000864a6df310604fc02bd20ec9da8c20400101000000bc8b417111604fc01d0afa66f68c204001010000008c63c9c111604fc0388d486f138d204001010000009ea0a8c711604fc063b7cf2a338d2040, '2024-02-22 01:12:02', '2024-02-22 01:12:02'),
(75, '524899893', 0x000000000104000000130000000101000000efd7ae1a955f4fc0c35ac6979a8a2040010100000048799c58965f4fc0ad133c2aa38a2040010100000053211e89975f4fc073f6ce68ab8a20400101000000115a6a18995f4fc0c1e44691b58a204001010000005dbd2fd39b5f4fc0e89c4429c68a2040010100000073c57bc49e5f4fc03f7dba70d68a204001010000001283c0caa15f4fc00e0a945ee58a2040010100000094e5da06a45f4fc061b5430df08a2040010100000004954ca9a65f4fc05053cbd6fa8a20400101000000562b137ea95f4fc0c7d45dd9058b204001010000009c1320afac5f4fc08602b683118b20400101000000c324010fb15f4fc0082692431f8b20400101000000d30db9beb45f4fc0cda090532a8b20400101000000546a9b87b85f4fc062838593348b20400101000000b7c13f5bbd5f4fc05c9b7c69408b20400101000000a977a7f1c15f4fc0276321df4a8b20400101000000888ed3c6c75f4fc0bb253960578b204001010000007fe7cd97cd5f4fc020c0d831648b2040010100000070dfb42ad35f4fc0148b29a2708b2040, '2024-02-22 01:12:05', '2024-02-22 01:12:05'),
(76, '138141946', 0x000000000104000000090000000101000000431b800d885f4fc0dd764600dc8920400101000000ef8cb62a895f4fc0e2fac10a018a20400101000000b45a608f895f4fc0287cb60e0e8a2040010100000078e052848a5f4fc01d3c139a248a20400101000000a12bb6ee8b5f4fc0a6e9584a3b8a2040010100000023a875768d5f4fc0c0e72c584f8a20400101000000ab3d91cc8f5f4fc060895121688a20400101000000bbe4c97f925f4fc099b5b9d6838a20400101000000efd7ae1a955f4fc0c35ac6979a8a2040, '2024-02-22 01:12:07', '2024-02-22 01:12:07'),
(77, '532335724', 0x000000000104000000020000000101000000fccadead875f4fc0f2c8c452c98920400101000000431b800d885f4fc0dd764600dc892040, '2024-02-22 01:12:07', '2024-02-22 01:12:07'),
(78, '412555144', 0x000000000104000000100000000101000000dc93d112755f4fc07db669c7688820400101000000b82d80df755f4fc0df80e03b7b8820400101000000e60709ac775f4fc09301fb438e88204001010000005689682a7a5f4fc0d9c7afc4a8882040010100000008fa55ca7c5f4fc0fb271312c48820400101000000efb14f5b7e5f4fc039645ea2d58820400101000000c52c6ae67f5f4fc0f4a1b030e98820400101000000dc0cdc26815f4fc0733d1b03fc8820400101000000bd63c279825f4fc025ee0cae148920400101000000fe66bd73835f4fc07e2b233f2c89204001010000002d2dd967845f4fc0cca6125443892040010100000039d55a98855f4fc0a6bf4d35698920400101000000620c512a865f4fc01ae148fb7a892040010100000044abeeec865f4fc061e4c0069f89204001010000007f958d18875f4fc06e2b627da88920400101000000fccadead875f4fc0f2c8c452c9892040, '2024-02-22 01:12:09', '2024-02-22 01:12:09'),
(79, '136369861', 0x0000000001040000000a0000000101000000dc93d112755f4fc07db669c7688820400101000000bae303f1705f4fc0c960206349882040010100000092e057f66e5f4fc05fe16e5a3a8820400101000000451b36806d5f4fc0411b6fe12f8820400101000000816731676c5f4fc0ec072b04288820400101000000dd346c4a685f4fc06cbf6b860a8820400101000000cc8d3397655f4fc057ee601ff88720400101000000ca8cb7955e5f4fc0f3b4577ac88720400101000000261eabef575f4fc0b89ed78e9887204001010000001ddebded535f4fc07bf5f1d077872040, '2024-02-22 01:12:11', '2024-02-22 01:12:11'),
(80, '136369871', 0x0000000001040000002d0000000101000000196dfa58665e4fc03e3267c7578420400101000000f9cbdd9d6b5e4fc01c469ca96b8420400101000000580ee324835e4fc0e6d484a39a84204001010000004e75125b8b5e4fc086819d51a98420400101000000e06af8718f5e4fc03be5d18db084204001010000007a991716925e4fc020915b38b584204001010000005b608f89945e4fc0e366028fb9842040010100000075bd7ed29a5e4fc00d37e0f3c38420400101000000059b841ca55e4fc082300109d484204001010000000c957f2daf5e4fc056c2c9ece284204001010000006cc60ecfb75e4fc03e833c71ef842040010100000043da102dc35e4fc08fa67a32ff8420400101000000724d81ccce5e4fc0ab9c514e0f85204001010000009ae0e533ea5e4fc0677c04a3378520400101000000ded9684afc5e4fc0533f6f2a528520400101000000bdd6efd3025f4fc0a732d6485c8520400101000000798d02e9075f4fc067800bb2658520400101000000e2e995b20c5f4fc03248b0277085204001010000005d5b2ed10f5f4fc0648511b177852040010100000049f83999135f4fc0abde2b04838520400101000000c5f30824175f4fc00abc934f8f852040010100000028c7aefe195f4fc05e1f8c8e9a8520400101000000b61902db1c5f4fc03a1ed896a685204001010000003d9578e51f5f4fc003ee79feb48520400101000000008bfcfa215f4fc0df347d76c0852040010100000011f0b5b1235f4fc098350c7aca8520400101000000822f9633255f4fc022c66b5ed58520400101000000c3047f09265f4fc0ad4ece50dc85204001010000006fec7eba265f4fc0f272220be285204001010000007561ffd0275f4fc09f69d322ec852040010100000092466007295f4fc0fed6a94df78520400101000000e33213b12d5f4fc0a182c30b228620400101000000abf93b25315f4fc067576b724286204001010000003f517ef7335f4fc0b3220fe95c8620400101000000eec968893a5f4fc01581fb4b9c86204001010000006bffb91e3b5f4fc02ac58ec6a186204001010000007cac2a453c5f4fc019631690ac8620400101000000a41f68603f5f4fc0c8d34dbdc986204001010000007481261d405f4fc04852d2c3d086204001010000004e999b6f445f4fc0c8b7770dfa86204001010000005364085b475f4fc072fbe593158720400101000000e7ef94c4485f4fc0365607e5228720400101000000fc3960b24c5f4fc06a02fb9e4787204001010000007e9c7aee4e5f4fc0614ac9175987204001010000001ddebded535f4fc07bf5f1d077872040, '2024-02-22 01:12:18', '2024-02-22 01:12:18'),
(81, '525720420', 0x000000000104000000040000000101000000196dfa58665e4fc03e3267c7578420400101000000385ecb75645e4fc04cec9051548420400101000000c2a0f1e9565e4fc0b24f5b7e3b8420400101000000f2fcb330555e4fc09cebea4438842040, '2024-02-22 01:12:18', '2024-02-22 01:12:18'),
(82, '678686945', 0x000000000104000000030000000101000000f2fcb330555e4fc09cebea443884204001010000005958cbf8525e4fc0eb2411d0338420400101000000dd8a0e924f5e4fc04e8de1fb2c842040, '2024-02-22 01:12:19', '2024-02-22 01:12:19'),
(83, '496956500', 0x0000000001040000002700000001010000001ddebded535f4fc07bf5f1d0778720400101000000a18092a7515f4fc0ea758bc05887204001010000009cf7a4b84f5f4fc043af9a424287204001010000006fe70cd6495f4fc008a40e3c0887204001010000005ae5f857455f4fc06688635ddc86204001010000005cf7a0b1405f4fc0e81ac121af8620400101000000ee6d44413a5f4fc024045031738620400101000000517af024335f4fc0b89388f02f8620400101000000e22cdb3d2f5f4fc0476d872b0c8620400101000000ba15c26a2c5f4fc0f59cf4bef18520400101000000d8eced3b2b5f4fc0dd239babe685204001010000004447bc862a5f4fc0c96f7610e08520400101000000cdba359f295f4fc0503e986fd88520400101000000152bb4bd275f4fc05e23939dc88520400101000000402663c6255f4fc070a5e892bb85204001010000008868cfc0235f4fc08e59f624b085204001010000006c2d82b5205f4fc001bcaa58a18520400101000000a4dc22d51c5f4fc004b7a4598f852040010100000023f609a0185f4fc0f482f4b97f85204001010000007ea99f37155f4fc0471cb2817485204001010000009ee85f37115f4fc0e8aedb56698520400101000000889e94490d5f4fc06493fc885f8520400101000000013dc38a095f4fc0a36da1d0578520400101000000093ab58e055f4fc0061e296c50852040010100000071a13c3d005f4fc0645930f1478520400101000000ee8b95e2f45e4fc0b405df8f36852040010100000025856863db5e4fc09e7296a311852040010100000057d0b4c4ca5e4fc0503f5efef9842040010100000096760f75c45e4fc002c177f6f0842040010100000068d0d03fc15e4fc0100b1060ec84204001010000006c36a0efb85e4fc0c9f9ac7ce08420400101000000fc0d2439aa5e4fc0038aa251cb842040010100000071f211e7975e4fc0655012b7af8420400101000000a3e47a80935e4fc074023f4fa8842040010100000027fd18ce905e4fc0d04543c6a384204001010000005f7ea7c98c5e4fc0d3a5da029d8420400101000000ce9a690c845e4fc00561b8848d842040010100000075b977c36c5e4fc069da6a7b608420400101000000196dfa58665e4fc03e3267c757842040, '2024-02-22 01:12:28', '2024-02-22 01:12:28'),
(84, '532335733', 0x000000000104000000100000000101000000d0af52e68b5f4fc01d7cbcebc789204001010000002afb534f8b5f4fc0e9c4d44cad89204001010000006c3299e08a5f4fc02e8782be998920400101000000a708cb338a5f4fc0e7a0f07e818920400101000000a351cb20885f4fc0a3a36659418920400101000000cd8ef925875f4fc067a7d5462b892040010100000068c988b0865f4fc0e3d3ade8208920400101000000971f1384865f4fc086c377071d892040010100000009090731865f4fc07e61e8c71589204001010000004b2cdfe9845f4fc05ac1cafcfe88204001010000000a157717835f4fc0cedebeb3e2882040010100000094185f0f815f4fc03ad7e6b5c888204001010000003cabbb687e5f4fc0adac23fdac8820400101000000566fc3de7a5f4fc03d862238898820400101000000c2cfc99c785f4fc0bccadaa6788820400101000000dc93d112755f4fc07db669c768882040, '2024-02-22 01:12:30', '2024-02-22 01:12:30'),
(85, '138141953', 0x00000000010400000002000000010100000065f95f538c5f4fc0965aef37da8920400101000000d0af52e68b5f4fc01d7cbcebc7892040, '2024-02-22 01:12:31', '2024-02-22 01:12:31'),
(86, '524920496', 0x000000000104000000190000000101000000750c7ed1d45f4fc00e219d70658b20400101000000b9ab5791d15f4fc03ba4bd665e8b204001010000006897ca36cb5f4fc0b980e1a6508b20400101000000f0b3db78c15f4fc0a0127c783b8b20400101000000a59e05a1bc5f4fc0cad067f62f8b20400101000000dcbd37e1b95f4fc0f75388ec288b20400101000000eb692c06b45f4fc00ccee0ef178b204001010000005feffe78af5f4fc0075c57cc088b20400101000000dda68988ac5f4fc09c9ceb45fe8a2040010100000067ecf07cab5f4fc0807b4386fa8a2040010100000068267387a85f4fc01b5135d5ee8a20400101000000c31b881ba65f4fc02cb3ad0be48a20400101000000170caeb9a35f4fc03858eebbd88a204001010000002b0d4636a15f4fc0a395d63acc8a204001010000001405fa449e5f4fc023da8ea9bb8a20400101000000d47d00529b5f4fc0d923d40ca98a20400101000000a6d7c11c985f4fc07909a936938a2040010100000030c104c9965f4fc0b51e1906878a20400101000000907351e3945f4fc0b8d15b97758a204001010000004f8afb34935f4fc02c9ca4f9638a20400101000000b056ed9a905f4fc0d706dd14458a204001010000008de266028f5f4fc0e92395ce2c8a204001010000002893bf208e5f4fc0dcbf0d8c178a204001010000000b66a77a8d5f4fc0153026a2048a2040010100000065f95f538c5f4fc0965aef37da892040, '2024-02-22 01:12:35', '2024-02-22 01:12:35'),
(87, '524924370', 0x0000000001040000001a0000000101000000e9b57e9f16604fc0450ce0d2d68d2040010100000019ca897615604fc0ece291d3328d204001010000006c9ad25515604fc0b123c44b268d204001010000001940530a15604fc0c07b478d098d2040010100000025ee0cae14604fc0bed9e6c6f48c2040010100000055e8723914604fc0b80abd59de8c204001010000000232cfa513604fc0f3e2699ec88c20400101000000796869b812604fc010a26b15b38c20400101000000d900118711604fc0bc218d0a9c8c2040010100000092ca147310604fc06589ce328b8c2040010100000081655bbc0e604fc08f9a6505758c20400101000000a0b250210d604fc0f7ea3e5b628c20400101000000d184dcfb0a604fc056e185634c8c2040010100000073405c8308604fc0deb29eb5368c20400101000000924bd2eb05604fc03cd1bf6e228c204001010000004087f9f202604fc052fb63100e8c20400101000000f423343800604fc0f515ffd2fd8b2040010100000013431779fe5f4fc0f49084d8f48b20400101000000ce6042bbf95f4fc06bbb6477dc8b20400101000000f9bd4d7ff65f4fc038691a14cd8b20400101000000b4098be5f15f4fc0b9cdaf41ba8b204001010000004bc164f4ed5f4fc04fbe8f59ac8b2040010100000071f1a611e95f4fc07a747ee59c8b204001010000000ee2b9ade35f4fc0462234828d8b20400101000000dc5ca1b4dc5f4fc086dff2fd798b20400101000000750c7ed1d45f4fc00e219d70658b2040, '2024-02-22 01:12:39', '2024-02-22 01:12:39'),
(88, '479391330', 0x0000000001040000000400000001010000008803328518604fc0da3dd4111b8f20400101000000d6e830ba17604fc0565e9786868e204001010000008ff4b3a217604fc08ef6894d758e20400101000000e9b57e9f16604fc0450ce0d2d68d2040, '2024-02-22 01:12:39', '2024-02-22 01:12:39'),
(89, '530686876', 0x000000000104000000030000000101000000e6797077d6664fc0f42feeab178020400101000000d6ecdc0fd3664fc0c34c3679258020400101000000315ef3aace664fc08a6c8c4237802040, '2024-02-22 01:12:44', '2024-02-22 01:12:44'),
(90, '532335752', 0x000000000104000000050000000101000000a255777643674fc01292bbbec58120400101000000113235ae24674fc01b6db0cb4b81204001010000002b8e5e6809674fc0870a1f5be080204001010000001b5def4806674fc0282db70fd48020400101000000d2020f67d9664fc06b69c93e23802040, '2024-02-22 01:12:45', '2024-02-22 01:12:45'),
(91, '530690599', 0x000000000104000000060000000101000000b3c3a92050674fc04e548039c481204001010000003824ffdd4c674fc086263f98ca812040010100000015f82fb54a674fc0864e1949cc8120400101000000bdb89e3248674fc00e322482cc812040010100000083eedcc545674fc0da6c510bca8120400101000000a255777643674fc01292bbbec5812040, '2024-02-22 01:12:46', '2024-02-22 01:12:46'),
(92, '360574540', 0x0000000001040000004e000000010100000089789043696b4fc01b1a0577567120400101000000b48de497666b4fc000ee68d25c7120400101000000a975d146646b4fc00f2d0d576271204001010000004c512e8d5f6b4fc027a6666a6d71204001010000007e9fbb6e5b6b4fc05b40683d7c712040010100000055de8e705a6b4fc03c7771d17f71204001010000009ede7b6e576b4fc01e7baccf8b7120400101000000a63c049f306b4fc093382ba2267220400101000000d53e1d8f196b4fc05251ab9e8272204001010000006d1e87c1fc6a4fc0701cc242f77220400101000000d70d805df26a4fc0781dbb552173204001010000001da55c2beb6a4fc02d93e1783e7320400101000000de85f766e56a4fc0feececd055732040010100000056a824a1e36a4fc06b5ca4f55c7320400101000000df2cca11d76a4fc0ab0f7fa88f7320400101000000fd84b35bcb6a4fc04b7bdee8be7320400101000000a458c922a86a4fc0ea86b7184d74204001010000005ed1521e826a4fc05bef9293e474204001010000004e8bb0975c6a4fc0bb90589c7b7520400101000000c6ec1b4e4f6a4fc0f9db9e20b17520400101000000c2830b1e4b6a4fc0f67013ffc175204001010000005b61fa5e436a4fc01cde6234e17520400101000000c3ab9b41326a4fc087760426267620400101000000d10fd9f62c6a4fc035d252793b7620400101000000559808652b6a4fc020aba5ca417620400101000000bb206cc2076a4fc04d37e4fad27620400101000000e8d19edc006a4fc0ebb82b05ee76204001010000002fd7474cf5694fc0b11a4b581b772040010100000016fc917deb694fc002c00c21427720400101000000ca22032fe9694fc0d31c0f6c4b77204001010000003ebf396dd7694fc00e6d5bef92772040010100000027cdd545c0694fc061e35531f07720400101000000833bab60af694fc0aaedcb3e3478204001010000001486b7bd93694fc00c789961a37820400101000000e19e42098e694fc01804fb54ba782040010100000036c8242367694fc039ebf8d4567920400101000000e921646a5c694fc04c6661f4817920400101000000e3eb21d04f694fc08c193ca7b47920400101000000effa71a02c694fc05b05d616437a204001010000005101e61027694fc067d9ee79597a204001010000003e810b0d1f694fc0ebbe08bf797a204001010000006ef7729f1c694fc0c9dd3186837a204001010000004dd7135d17694fc08e4d3cb1987a204001010000007a1a3048fa684fc0bddf68c70d7b204001010000005156c2c9ec684fc03cd285fd437b20400101000000d295bec6e4684fc0cdc17d2e647b20400101000000b612ba4be2684fc08cc7fb276e7b20400101000000b986be60dc684fc0c7eb66eb857b2040010100000052e2299abd684fc064350296017c20400101000000759b2622b2684fc03b5e375b2f7c204001010000005b3e37d9ab684fc058d98871487c20400101000000d5a01e91a5684fc021567f84617c20400101000000a7fadf5ba2684fc0dff3684f6e7c204001010000009ff474649b684fc0b312a91f8a7c2040010100000095e2998697684fc0e15f048d997c20400101000000ebde2f0b92684fc01d5c959faf7c2040010100000050453bb885684fc051950046e17c204001010000007719598d80684fc0f9331713f67c20400101000000bf74a4445c684fc0de3b6a4c887d20400101000000d4539a8356684fc0c6a9317c9f7d204001010000008261af6653684fc055675a07ac7d204001010000008bff3ba242684fc08b620333f07d204001010000006935c9343f684fc09c6ed921fe7d20400101000000f943d8953b684fc0351603da0c7e20400101000000c2b68f2628684fc054aa44d95b7e20400101000000d3b36a2112684fc0dffdf15eb57e20400101000000e9a9c42bff674fc0be0a3a6b017f2040010100000004dc9843f7674fc042380b20217f204001010000007d602239f4674fc007239b502d7f20400101000000973ecffaef674fc0eca353573e7f20400101000000274f594dd7674fc030404750a17f204001010000006815472fb4674fc0e85fdc572f80204001010000000d73ddefab674fc072ba76b3508020400101000000627da8d9a8674fc0b37e33315d8020400101000000a08d5c37a5674fc0a529a7e26b8020400101000000f195e59079674fc0c8fabc981c812040010100000069da6a7b60674fc0e758390f828120400101000000b3c3a92050674fc04e548039c4812040, '2024-02-22 01:12:57', '2024-02-22 01:12:57'),
(93, '136468118', 0x000000000104000000230000000101000000a0d2d226986b4fc074cbb3379d6d204001010000004a1ef4119d6b4fc0f3d6af2ab16d20400101000000a968acfd9d6b4fc0bbf9fce6b46d2040010100000008944db9c26b4fc05a924d03506e204001010000000314d9bdcb6b4fc097303fdc7a6e2040010100000016f0d709d46b4fc0fec6e8cab16e2040010100000044ec0214d96b4fc04fdc3bb4d96e2040010100000095206d2ddd6b4fc01b1b704c056f204001010000002379f87cde6b4fc0416bd9b5186f204001010000002331410ddf6b4fc0730dd87a2b6f20400101000000edd5c743df6b4fc05846d9113d6f20400101000000c9ffe4efde6b4fc086dbebee4b6f204001010000008fd3c6c7dd6b4fc06d54a703596f204001010000003cad9113dc6b4fc03624496b676f20400101000000c02154a9d96b4fc081fae0c6776f2040010100000081cea44dd56b4fc0b5f97fd5916f204001010000005fa80d98d16b4fc0fed71423a66f204001010000007623e29cc76b4fc0368efdd1dc6f2040010100000020668a94c16b4fc0798489f5fc6f204001010000005e06add1bc6b4fc0601a2bd6157020400101000000434761cdb76b4fc090c4268d2c70204001010000005d9bd722b36b4fc0c86b14483f70204001010000002a5206b3ae6b4fc01e7464405170204001010000002ba0f595ac6b4fc0ea132f055a702040010100000044d48e2caa6b4fc05c2041f1637020400101000000f491efada36b4fc0489bf4087f7020400101000000268458479f6b4fc0f2e9567490702040010100000046c950ba996b4fc093f30f6ca670204001010000006ade718a8e6b4fc02f5283c4d170204001010000008025fcf7856b4fc024bf34fbf2702040010100000013a2d7fa7d6b4fc0b0c91af5107120400101000000bd2c3762776b4fc0bb7d569929712040010100000037d19d16726b4fc09a21fa5a3c71204001010000003fba22426d6b4fc0c2f9d4b14a712040010100000089789043696b4fc01b1a057756712040, '2024-02-22 01:13:03', '2024-02-22 01:13:03'),
(94, '412522709', 0x0000000001040000003f00000001010000009d03159f4c674fc0b2987dc3e9812040010100000082d778fa52674fc0301004c8d0812040010100000017c0ef3a76674fc04ef5bfb744812040010100000017de9b95a3674fc06a6ee0698d8020400101000000bec92544af674fc0c4fd91335e8020400101000000ead78cc2e4674fc0bbe188ff857f20400101000000fdf84b8bfa674fc0599187742e7f20400101000000cab040aa17684fc0cbf6216fb97e20400101000000abf0c23126684fc0aedc66857d7e204001010000006d08e9842b684fc060895121687e2040010100000021b715b13e684fc06ffdaa121b7e20400101000000dc1f39e345684fc0ef6c3425fe7d204001010000001515168156684fc03bc0385dbb7d2040010100000063c790ad78684fc099e436d0327d2040010100000012a5187b8a684fc058d7b2c6ea7c20400101000000c438245a97684fc0ccbadae5b67c204001010000006abc19daa5684fc079e349777c7c20400101000000509ced1ba9684fc0976f7d586f7c204001010000002227028bb2684fc0d56afe4e497c20400101000000af3a17ebc0684fc0e053ef5f0f7c2040010100000048307a13e8684fc0fc2eb65a717b20400101000000351b75bee9684fc0ff8e4d976a7b20400101000000550acbe9fc684fc0382630421d7b204001010000000c1f115322694fc05c1bcf0c877a20400101000000819f275426694fc03a2009fb767a2040010100000058cdcefd30694fc0a37ecd284c7a2040010100000066aa16c737694fc0cf17d6e8307a20400101000000fabda83869694fc0e8aedb56697920400101000000f7274c7386694fc09b4bbbe2f378204001010000005fad7f7cae694fc059ce948c527820400101000000043d2f70d4694fc08935a671b97720400101000000046e8214e1694fc07aaa436e8677204001010000002cd093d7ef694fc01b118c834b77204001010000007bf25597f8694fc0807f4a95287720400101000000b9967fe3216a4fc057c62bb583762040010100000099e1f54f266a4fc09cb0b3d7717620400101000000a76ed344446a4fc0b00518f1f875204001010000006bc07ba2466a4fc05ccaf962ef7520400101000000b22d03ce526a4fc0814c2146be7520400101000000fe3d1d34606a4fc0434992318875204001010000000ee32483926a4fc051f69672be7420400101000000091bf9179c6a4fc0dc323be69774204001010000006ef4d6659d6a4fc050d2b2a492742040010100000068ca4e3fa86a4fc08a986d0267742040010100000061c26856b66a4fc0d6e07d552e74204001010000000a92883abd6a4fc04ab6ba9c127420400101000000c7fe68eed76a4fc0998235cea67320400101000000eaa97a9ee46a4fc054122395737320400101000000e4ef8398f06a4fc0e316f3734373204001010000001d52b1d6f56a4fc0b999c0632e7320400101000000ea1d13ce136b4fc02cafa6fcb57220400101000000fad8b859176b4fc02db29defa77220400101000000255f645d376b4fc074ffa2152972204001010000003cb8e0b1446b4fc0ca598e46f47120400101000000c7157200586b4fc00b5ef415a4712040010100000042f79b3f5c6b4fc008c490419371204001010000005e7aa0ba5e6b4fc01349f4328a7120400101000000877d4cb5606b4fc05ee5bff68271204001010000003f83972a626b4fc0318d70a47d71204001010000007f243669646b4fc0f345312f767120400101000000d8f335cb656b4fc0e44e441a7071204001010000002aec585b676b4fc019af795567712040010100000089789043696b4fc01b1a057756712040, '2024-02-22 01:13:33', '2024-02-22 01:13:33'),
(95, '532335745', 0x0000000001040000000200000001010000007506a11749674fc04c885eebf781204001010000009d03159f4c674fc0b2987dc3e9812040, '2024-02-22 01:13:34', '2024-02-22 01:13:34'),
(96, '532335742', 0x000000000104000000090000000101000000197b8a77db664fc02414b6fa4580204001010000001b1b704c05674fc0221add41ec8020400101000000694b677110674fc0354d8ef117812040010100000022d62ce11a674fc044e3e4d94081204001010000008ae4d0c721674fc0366387e75b81204001010000009ab91b9f24674fc0a8df2af4668120400101000000b029464c3f674fc089134ec1d081204001010000001e3dd92846674fc040619a33ec81204001010000007506a11749674fc04c885eebf7812040, '2024-02-22 01:13:37', '2024-02-22 01:13:37'),
(97, '530690617', 0x000000000104000000060000000101000000f4ddad2cd1664fc0a812affc43802040010100000052222ea5d3664fc0d9a2bbda408020400101000000aba97697d5664fc0a44d7a843f8020400101000000860fdbccd7664fc0a405c3144080204001010000001a259ea2d9664fc0ead9626d428020400101000000197b8a77db664fc02414b6fa45802040, '2024-02-22 01:13:39', '2024-02-22 01:13:39'),
(98, '525263435', 0x00000000010400000023000000010100000095c3dd0f2e5c4fc06e3c8ed59c922040010100000010638852315c4fc053808351a492204001010000001a3625b4405c4fc09191fd3dc2922040010100000011ffb0a5475c4fc0db72897ec8922040010100000037386cb64d5c4fc0330e3f49cb92204001010000008fbcbdb55d5c4fc0baf94674cf9220400101000000b90bdea1725c4fc0f47b5171d29220400101000000550d67237c5c4fc0cfcd48ced3922040010100000050768e5c925c4fc021640fa3d69220400101000000616ef7729f5c4fc0264921dad89220400101000000364877c6ad5c4fc06c8d5253dc9220400101000000c71748abb55c4fc0d33fd2f1e2922040010100000023da8ea9bb5c4fc02d382806ed9220400101000000141a2dacc05c4fc09e245d33f99220400101000000d7378b72c45c4fc0cff9298e039320400101000000a06010a2c65c4fc0e9faf48e099320400101000000f77fc465cb5c4fc029571dde18932040010100000054008c67d05c4fc0c3ab9b41329320400101000000723c5574da5c4fc02fb7c5466a932040010100000095deed30dc5c4fc09501b1b6739320400101000000e275fd82dd5c4fc0fd6b79e57a9320400101000000c0893265f15c4fc0d175e107e79320400101000000b6d6bc4ffa5c4fc00c44aa83179420400101000000439fd9bffc5c4fc024754c2723942040010100000023467474015d4fc03f88090f3f9420400101000000e6971cd2035d4fc0ea86b7184d9420400101000000f51840530a5d4fc08e0af72576942040010100000081d5ecdc0f5d4fc077d267aca29420400101000000397f130a115d4fc001ab7e00ad9420400101000000c4ab51b4175d4fc0fb7ec575e79420400101000000d6fc9d92185d4fc061c9b0e5f09420400101000000385442661d5d4fc0a0a465492595204001010000009ffa511e275d4fc00a044bbf8e952040010100000073dfc5562b5d4fc0ce458d53be9520400101000000b99ff8d62c5d4fc099e26025d5952040, '2024-02-22 01:13:51', '2024-02-22 01:13:51'),
(99, '525268974', 0x000000000104000000090000000101000000bca2a53c045c4fc0310510e3da91204001010000003123bc3d085c4fc010e6762ff7912040010100000052712da40d5c4fc0c1db28571d9220400101000000fc123b64145c4fc0a6063f16479220400101000000a11d26d0165c4fc0294af89452922040010100000074a03d4d1c5c4fc0b147f2a66c92204001010000007e3c4f97205c4fc02c1e28017b9220400101000000db8e0475255c4fc0300043458b922040010100000095c3dd0f2e5c4fc06e3c8ed59c922040, '2024-02-22 01:13:52', '2024-02-22 01:13:52'),
(100, '154890126', 0x000000000104000000070000000101000000da3c0e83f95b4fc0152ef53d34912040010100000005ae861ff75b4fc0635639fe559120400101000000cf108e59f65b4fc076bfaf366b912040010100000052d50451f75b4fc0cacffc20819120400101000000d9c644eff95b4fc0a70b0cb49691204001010000004ee5fe34ff5b4fc0ee563b2fba9120400101000000bca2a53c045c4fc0310510e3da912040, '2024-02-22 01:13:53', '2024-02-22 01:13:53'),
(101, '134756287', 0x000000000104000000050000000101000000392861a6ed5b4fc08d070033849020400101000000ff80bd78f55b4fc09015fc36c490204001010000000979f30afa5b4fc01da55c2beb90204001010000008b3d6a02fb5b4fc0e1a1de420d9120400101000000da3c0e83f95b4fc0152ef53d34912040, '2024-02-22 01:13:54', '2024-02-22 01:13:54'),
(102, '154908443', 0x0000000001040000000d0000000101000000abf70ac1605c4fc086be0523408f2040010100000027dc2bf3565c4fc00234a550718f204001010000006e23545f4c5c4fc013b70a62a08f204001010000006a5e1fe7475c4fc05d6dc5feb28f20400101000000430bbf8a425c4fc0a8435d5ac38f20400101000000c99c1d5f315c4fc0b691fcd2ec8f2040010100000023ff8293235c4fc0bee5a03a0c90204001010000009d47c5ff1d5c4fc01d339aa6199020400101000000b1845a78035c4fc05766005e55902040010100000031766792fd5b4fc0c24d46956190204001010000003b57efcbf45b4fc07d1b0703749020400101000000316dee9ef25b4fc051007b3b789020400101000000392861a6ed5b4fc08d07003384902040, '2024-02-22 01:13:56', '2024-02-22 01:13:56'),
(103, '154907417', 0x000000000104000000070000000101000000816b38769a5c4fc0652a0eb10b9020400101000000e2db0594975c4fc0c3f5831502902040010100000067987f99945c4fc075070cedf78f20400101000000add96f928b5c4fc09219b9b8d78f2040010100000005a0f600825c4fc019ae0e80b88f2040010100000090d4e70f725c4fc08aa427767e8f20400101000000abf70ac1605c4fc086be0523408f2040, '2024-02-22 01:13:57', '2024-02-22 01:13:57'),
(104, '525262466', 0x000000000104000000030000000101000000cdc01259b55c4fc047dcad765e90204001010000003fadfdf8a65c4fc0e0f25833329020400101000000816b38769a5c4fc0652a0eb10b902040, '2024-02-22 01:13:58', '2024-02-22 01:13:58'),
(105, '525262465', 0x0000000001040000000e000000010100000031bb82c87d5c4fc0316eb42d14922040010100000071a4d8767f5c4fc0b361a81ec4912040010100000036165e937f5c4fc0d7625c16b891204001010000006580553f805c4fc0dc18969a9891204001010000001d588e90815c4fc0a3c453347b9120400101000000bc43e5ba845c4fc076ea80da5e912040010100000085aee9e6875c4fc06eb3c23e4b91204001010000000cb4965d8b5c4fc02a02f797389120400101000000e60d8bac905c4fc0fddf6cce1c91204001010000003a1b97169a5c4fc0e777f585eb9020400101000000d76a0f7ba15c4fc00612143fc690204001010000001768d201a45c4fc0956d9681b99020400101000000757808e3a75c4fc0db2f44f3a59020400101000000cdc01259b55c4fc047dcad765e902040, '2024-02-22 01:14:00', '2024-02-22 01:14:00'),
(106, '524642926', 0x000000000104000000160000000101000000b422c55b425d4fc063dd2eea49932040010100000030911cfa385d4fc05f8484831893204001010000002138d329345d4fc04fc35cf7fb9220400101000000ae6708c72c5d4fc0fba01d26d09220400101000000680932022a5d4fc073c009e0c192204001010000007561ffd0275d4fc0d263a593b69220400101000000cacd2676235d4fc078962023a09220400101000000e619a0d91a5d4fc072f2c7597d9220400101000000e173cc1e0d5d4fc0994121a754922040010100000099709ea0035d4fc0092758d24092204001010000009b0c7d66ff5c4fc05ff5db323b9220400101000000cea8f92af95c4fc04b19dde6329220400101000000b5711f14ef5c4fc0736f34362a9220400101000000309287cfe75c4fc003780b24289220400101000000ab84dd66e05c4fc09985d10726922040010100000058ed5003bc5c4fc0fca5eac31f92204001010000000fb6d8edb35c4fc079573d601e9220400101000000b990a229965c4fc04742b687189220400101000000b44f6caa935c4fc07d6f1d2d189220400101000000c1560916875c4fc0e3546b611692204001010000002e196c8f835c4fc00dc0ab8a15922040010100000031bb82c87d5c4fc0316eb42d14922040, '2024-02-22 01:14:03', '2024-02-22 01:14:03'),
(107, '134755889', 0x0000000001040000000e0000000101000000a0da858b815d4fc01f97827f5b95204001010000008f47bab07f5d4fc01be038df3e95204001010000007fba26497c5d4fc0e3b6c71c159520400101000000565b56067a5d4fc002de5dc2fc9420400101000000bed64a8d755d4fc0f1ea6690cc94204001010000008303102d685d4fc007639f5b43942040010100000014feb1b5635d4fc017be1990189420400101000000a5828aaa5f5d4fc08451a456f39320400101000000326a08d8585d4fc0345c2e2cc99320400101000000a417b5fb555d4fc05b2d0b81b79320400101000000f47eedaa515d4fc066b56565a09320400101000000b0181af44a5d4fc092e9d0e9799320400101000000525ed0e7485d4fc05c9f83786e9320400101000000b422c55b425d4fc063dd2eea49932040, '2024-02-22 01:14:05', '2024-02-22 01:14:05'),
(108, '134861254', 0x000000000104000000090000000101000000b40c271f715b4fc003194ba2a89120400101000000d457a192845b4fc0fdc79d2d7b9120400101000000284b08b18e5b4fc0af9465886391204001010000004c05cbc7a45b4fc053584ee72f91204001010000005adcda1dad5b4fc03912c3691c91204001010000003760a120c25b4fc0b1924550eb9020400101000000aef8e17bda5b4fc0cefa9463b29020400101000000a886a2e5e55b4fc06c3b12d4959020400101000000392861a6ed5b4fc08d07003384902040, '2024-02-22 01:14:10', '2024-02-22 01:14:10'),
(109, '525262620', 0x000000000104000000040000000101000000f7c2ae377b5b4fc03eb14e95ef91204001010000005ef6eb4e775b4fc0031d52b1d691204001010000003c461e2d735b4fc04d874ecfbb9120400101000000b40c271f715b4fc003194ba2a8912040, '2024-02-22 01:14:10', '2024-02-22 01:14:10'),
(110, '134861244', 0x000000000104000000090000000101000000b56cad2f125b4fc0f2785a7ee0922040010100000070a7be3d195b4fc0833c71efd09220400101000000a1ca7a7b215b4fc0f84e71c1be9220400101000000b1091f00275b4fc046bb65e2b19220400101000000b7d8486d3d5b4fc0609b43087e9220400101000000e3eb21d04f5b4fc0653497c0529220400101000000d0042f9f515b4fc0374cd98e4e9220400101000000bff3e6cb665b4fc0c19371e71d9220400101000000f7c2ae377b5b4fc03eb14e95ef912040, '2024-02-22 01:14:12', '2024-02-22 01:14:12'),
(111, '525264027', 0x0000000001040000000a00000001010000004db5bbac2e5b4fc03b5e375b2f9420400101000000d66ab4c12e5b4fc0417c050e0d94204001010000005f20add62e5b4fc0dbf74d06ec9320400101000000fa9cbb5d2f5b4fc00147a753c393204001010000002a0deb7c2e5b4fc029a8f287b09320400101000000ba5d79da2b5b4fc093f0ceeb999320400101000000db183be1255b4fc0867a55c26e9320400101000000b3637ec9215b4fc0087250c24c9320400101000000f18dd7721d5b4fc037db81df2b9320400101000000b56cad2f125b4fc0f2785a7ee0922040, '2024-02-22 01:14:13', '2024-02-22 01:14:13'),
(112, '154912755', 0x0000000001040000000b0000000101000000d1dbe918a15b4fc066f84f37509420400101000000d39fa28f9e5b4fc0f4082417529420400101000000fce7c479935b4fc013ef004f5a94204001010000000544d2b8815b4fc028a325ea60942040010100000082a4f4f1755b4fc0f612190c64942040010100000082e3326e6a5b4fc0fbaf73d3669420400101000000517ef733615b4fc043345fca6594204001010000005bb56b425a5b4fc05dd08c8f609420400101000000f673af38415b4fc0189a46ee44942040010100000008043a93365b4fc0c5c6bc8e3894204001010000004db5bbac2e5b4fc03b5e375b2f942040, '2024-02-22 01:14:15', '2024-02-22 01:14:15'),
(113, '525262621', 0x0000000001040000000d00000001010000000f9df930d65b4fc08e39741f2593204001010000005a7b44f1cf5b4fc03b87d79a52932040010100000020f939f4cc5b4fc0ac730cc85e9320400101000000463de9e9c85b4fc011e6d1e86993204001010000003da70f13c35b4fc027d7b90e7a93204001010000004fd834a5ab5b4fc05a38ff65ad9320400101000000ab63f08ba65b4fc0999427b5bc932040010100000023168ca5a35b4fc0e46abf10cd9320400101000000e979dc5ca15b4fc06ea873a0e293204001010000007f6dfdf49f5b4fc0b15648540394204001010000008572ecea9f5b4fc07b8e7eea0e94204001010000001904b1c79f5b4fc0841fe6dc379420400101000000d1dbe918a15b4fc066f84f3750942040, '2024-02-22 01:14:17', '2024-02-22 01:14:17'),
(114, '1017209440', 0x000000000104000000030000000101000000b90501e8e65b4fc0ea6399d94293204001010000005db34b0ae25b4fc00cb501333a93204001010000000f9df930d65b4fc08e39741f25932040, '2024-02-22 01:14:18', '2024-02-22 01:14:18'),
(115, '525262622', 0x000000000104000000050000000101000000b8e0b1440c5c4fc047b2a2618c93204001010000007ac784f3045c4fc07ee200fa7d9320400101000000f81cb347035c4fc0c786c9af7a93204001010000000708e6e8f15b4fc0bb95ca80589320400101000000b90501e8e65b4fc0ea6399d942932040, '2024-02-22 01:14:18', '2024-02-22 01:14:18'),
(116, '525263436', 0x00000000010400000003000000010100000095c3dd0f2e5c4fc06e3c8ed59c9220400101000000f8f422241c5c4fc0fc636bc71e9320400101000000b8e0b1440c5c4fc047b2a2618c932040, '2024-02-22 01:14:19', '2024-02-22 01:14:19'),
(117, '525263421', 0x00000000010400000002000000010100000059cb530c465c4fc06839758afa912040010100000095c3dd0f2e5c4fc06e3c8ed59c922040, '2024-02-22 01:14:19', '2024-02-22 01:14:19'),
(118, '525262464', 0x00000000010400000005000000010100000031bb82c87d5c4fc0316eb42d149220400101000000e1f31ec2535c4fc0b8ac67ad0d9220400101000000ae0caa0d4e5c4fc02bbc708c099220400101000000b1c22d1f495c4fc0ee04a0f600922040010100000059cb530c465c4fc06839758afa912040, '2024-02-22 01:14:20', '2024-02-22 01:14:20'),
(119, '525263434', 0x0000000001040000000d0000000101000000f38299000d5d4fc02cbd91d49d8e20400101000000102d6810d55c4fc02e313b30258f204001010000008cc9d1d2cb5c4fc0e099756b3e8f2040010100000036e49f19c45c4fc0e2cb4411528f2040010100000023ff27dab05c4fc0ca4807358d8f20400101000000192c8b78a15c4fc09bc6f65ad08f20400101000000e2db0594975c4fc0c3f58315029020400101000000496b67f3935c4fc019b61c9e14902040010100000056e58c727a5c4fc065a6b4fe969020400101000000c130aa56705c4fc08a2df30cd09020400101000000c78b3b94575c4fc0f70a66a77a9120400101000000d7570d784f5c4fc02227028bb2912040010100000059cb530c465c4fc06839758afa912040, '2024-02-22 01:14:25', '2024-02-22 01:14:25'),
(120, '371770284', 0x000000000104000000180000000101000000ed2b0fd2535c4fc0057a97416b8c20400101000000af04f7a8645c4fc020e4068daa8c204001010000008a28dce1655c4fc0129a6e23af8c2040010100000038affbd86e5c4fc013a16c25cf8c20400101000000b1c6342e775c4fc0b86f5a95e98c204001010000009a5fcd01825c4fc0df8cf568058d20400101000000cfd72c978d5c4fc08b38f81d1e8d2040010100000065a6b4fe965c4fc042695ec42d8d204001010000002f90fbb1a45c4fc06c5622f5438d20400101000000aab9dc60a85c4fc0ecaccc4a498d20400101000000880c50bfb05c4fc0639ef06d558d204001010000000565bf93bb5c4fc0d48a259b618d204001010000008c9246bbc05c4fc0431aba7e668d204001010000000b6def09c85c4fc0cea21c716d8d204001010000008470bb86cf5c4fc03315e291788d20400101000000f818ac38d55c4fc06fd4af19858d20400101000000ef5701bedb5c4fc06b494739988d20400101000000e13b7b78e05c4fc0c1994ea1a98d2040010100000067b1b90fe55c4fc0d402c5d9be8d20400101000000a6d65647e95c4fc0382adc97d88d204001010000004b6eb99ff85c4fc010bfac9a318e20400101000000a2e991abfd5c4fc0072461df4e8e20400101000000664aeb6f095d4fc012e797778b8e20400101000000f38299000d5d4fc02cbd91d49d8e2040, '2024-02-22 01:14:29', '2024-02-22 01:14:29'),
(121, '525263431', 0x000000000104000000050000000101000000e3546b61165c4fc0e14f430a548d20400101000000dc77561c185c4fc009162c7a4c8d20400101000000b43ee5982c5c4fc08b09206bfc8c204001010000001c9eb9e23d5c4fc0d41c6a25be8c20400101000000ed2b0fd2535c4fc0057a97416b8c2040, '2024-02-22 01:14:30', '2024-02-22 01:14:30'),
(122, '222311458', 0x0000000001040000000a00000001010000001258ef26ae5b4fc0b3aca00ed08e204001010000009645bcd0b75b4fc093246310b38e2040010100000067ca98ccc25b4fc0e5ab2ef1918e204001010000009e62d520cc5b4fc041b566d0758e204001010000001256bec2dd5b4fc0fcd4c276418e2040010100000073034f6be45b4fc09745178a2a8e2040010100000045a80826ed5b4fc0c0a959b1098e204001010000005fd1add7f45b4fc00dbca47be78d204001010000001301987cfd5b4fc0a90716d1c08d20400101000000e3546b61165c4fc0e14f430a548d2040, '2024-02-22 01:14:31', '2024-02-22 01:14:31'),
(123, '525263528', 0x000000000104000000110000000101000000392861a6ed5b4fc08d070033849020400101000000abbb687eeb5b4fc053680f6a759020400101000000dc31d010e95b4fc06de756636490204001010000003d5ae6bee65b4fc06a053c1f549020400101000000f84f3750e05b4fc02e87270527902040010100000046072461df5b4fc00dc9247e20902040010100000097ea5d17d95b4fc0e2c96e66f48f204001010000005c1a6437d85b4fc033dbba40ee8f2040010100000081b4ff01d65b4fc0b894f3c5de8f20400101000000f5b5d37bcf5b4fc09737876bb58f20400101000000b5705985cd5b4fc03fef7cf5a78f204001010000007b50ab43c95b4fc0e9818fc18a8f20400101000000ec0214d9bd5b4fc0d4d74eef3d8f20400101000000f4d1f3b8b95b4fc04eb27a2c228f2040010100000054e0641bb85b4fc01820764b178f20400101000000ffcc203eb05b4fc0f308c95ddf8e204001010000001258ef26ae5b4fc0b3aca00ed08e2040, '2024-02-22 01:14:34', '2024-02-22 01:14:34'),
(124, '134756288', 0x00000000010400000005000000010100000045e5153e115c4fc037e0f3c308912040010100000098987851055c4fc0f7f35c95fa902040010100000089fdaf84ff5b4fc050dac0c2ee902040010100000026a0d33dfc5b4fc0b732970ae09020400101000000392861a6ed5b4fc08d07003384902040, '2024-02-22 01:14:35', '2024-02-22 01:14:35'),
(125, '525263422', 0x0000000001040000000b000000010100000059cb530c465c4fc06839758afa9120400101000000027e8d24415c4fc0908fccd9f191204001010000005ed5fe733d5c4fc0defbc0fae49120400101000000ef737cb4385c4fc073f794f7cc9120400101000000d6500f762f5c4fc0e8058eba8c9120400101000000fbbc981c2d5c4fc0ea28626c7c91204001010000006bdf92d2225c4fc056d5cbef3491204001010000004a2fc5b01e5c4fc00d3fee1120912040010100000058ef26ae195c4fc05babe2321391204001010000003d8cfff1145c4fc0d59700570d912040010100000045e5153e115c4fc037e0f3c308912040, '2024-02-22 01:14:36', '2024-02-22 01:14:36');

--
-- Volcado de datos para la tabla `routes`
--

INSERT INTO `routes` (`route_id`, `osm_id`, `name`, `colour`, `created_at`, `updated_at`) VALUES
(1, '7577350', 'Ruta Villa Bahía', '#00ced1', '2024-02-22 01:08:00', '2024-02-22 01:08:00'),
(2, '9419050', 'Ruta Villa Bahía', '#00ced1', '2024-02-22 01:09:03', '2024-02-22 01:09:03'),
(3, '9422546', 'Ruta Sierra Parima - Alta Vista', '#4169e1', '2024-02-22 01:09:49', '2024-02-22 01:09:49'),
(4, '9422547', 'Ruta Alta Vista - Sierra Parima', '#4169e1', '2024-02-22 01:10:21', '2024-02-22 01:10:21'),
(5, '9422548', 'Ruta Alta Vista - Sierra Parima', '#4169e1', '2024-02-22 01:10:55', '2024-02-22 01:10:55'),
(6, '9422549', 'Ruta Sierra Parima - Alta Vista', '#4169e1', '2024-02-22 01:11:01', '2024-02-22 01:11:01'),
(7, '9422550', 'Ruta Alta Vista - Villa Bahía', '#1e90ff', '2024-02-22 01:11:03', '2024-02-22 01:11:03'),
(8, '9423027', 'Ruta Villa Jade', '#87ceeb', '2024-02-22 01:11:09', '2024-02-22 01:11:09'),
(9, '9423028', 'Ruta Villa Jade', '#87ceeb', '2024-02-22 01:11:31', '2024-02-22 01:11:31'),
(10, '9423029', 'Ruta Río Negro / Minifincas', '#6a5acd', '2024-02-22 01:11:50', '2024-02-22 01:11:50'),
(11, '9423030', 'Ruta Río Negro / Minifincas', '#6a5acd', '2024-02-22 01:12:19', '2024-02-22 01:12:19'),
(12, '9423083', 'Ruta Core 8', '#40e0d0', '2024-02-22 01:12:39', '2024-02-22 01:12:39'),
(13, '9423084', 'Ruta Core 8', '#40e0d0', '2024-02-22 01:13:03', '2024-02-22 01:13:03'),
(14, '9423341', 'Ruta Villa Africana', '#00ff00', '2024-02-22 01:13:39', '2024-02-22 01:13:39'),
(15, '9423342', 'Ruta Los Olivos', '#00ff00', '2024-02-22 01:14:05', '2024-02-22 01:14:05'),
(16, '9423343', 'Toro Muerto Directo', '#32cd32', '2024-02-22 01:14:20', '2024-02-22 01:14:20');

--
-- Volcado de datos para la tabla `route_path`
--

INSERT INTO `route_path` (`route_path_id`, `route_id`, `path_id`, `created_at`, `updated_at`, `order_path`) VALUES
(1, 1, 1, '2024-02-22 01:08:13', '2024-02-22 01:08:13', 0),
(2, 1, 2, '2024-02-22 01:08:14', '2024-02-22 01:08:14', 1),
(3, 1, 3, '2024-02-22 01:08:14', '2024-02-22 01:08:14', 2),
(4, 1, 4, '2024-02-22 01:08:14', '2024-02-22 01:08:14', 3),
(5, 1, 5, '2024-02-22 01:08:16', '2024-02-22 01:08:16', 4),
(6, 1, 6, '2024-02-22 01:08:19', '2024-02-22 01:08:19', 5),
(7, 1, 7, '2024-02-22 01:08:24', '2024-02-22 01:08:24', 6),
(8, 1, 8, '2024-02-22 01:08:24', '2024-02-22 01:08:24', 7),
(9, 1, 9, '2024-02-22 01:08:34', '2024-02-22 01:08:34', 8),
(10, 1, 10, '2024-02-22 01:08:36', '2024-02-22 01:08:36', 9),
(11, 1, 11, '2024-02-22 01:08:37', '2024-02-22 01:08:37', 10),
(12, 1, 12, '2024-02-22 01:08:39', '2024-02-22 01:08:39', 11),
(13, 1, 13, '2024-02-22 01:08:42', '2024-02-22 01:08:42', 12),
(14, 1, 14, '2024-02-22 01:08:44', '2024-02-22 01:08:44', 13),
(15, 1, 15, '2024-02-22 01:08:45', '2024-02-22 01:08:45', 14),
(16, 1, 16, '2024-02-22 01:08:56', '2024-02-22 01:08:56', 15),
(17, 1, 17, '2024-02-22 01:08:58', '2024-02-22 01:08:58', 16),
(18, 1, 18, '2024-02-22 01:08:59', '2024-02-22 01:08:59', 17),
(19, 1, 19, '2024-02-22 01:09:01', '2024-02-22 01:09:01', 18),
(20, 1, 20, '2024-02-22 01:09:03', '2024-02-22 01:09:03', 19),
(21, 2, 21, '2024-02-22 01:09:12', '2024-02-22 01:09:12', 0),
(22, 2, 22, '2024-02-22 01:09:12', '2024-02-22 01:09:12', 1),
(23, 2, 23, '2024-02-22 01:09:13', '2024-02-22 01:09:13', 2),
(24, 2, 24, '2024-02-22 01:09:14', '2024-02-22 01:09:14', 3),
(25, 2, 25, '2024-02-22 01:09:15', '2024-02-22 01:09:15', 4),
(26, 2, 26, '2024-02-22 01:09:16', '2024-02-22 01:09:16', 5),
(27, 2, 27, '2024-02-22 01:09:19', '2024-02-22 01:09:19', 6),
(28, 2, 28, '2024-02-22 01:09:21', '2024-02-22 01:09:21', 7),
(29, 2, 29, '2024-02-22 01:09:25', '2024-02-22 01:09:25', 8),
(30, 2, 30, '2024-02-22 01:09:26', '2024-02-22 01:09:26', 9),
(31, 2, 31, '2024-02-22 01:09:28', '2024-02-22 01:09:28', 10),
(32, 2, 32, '2024-02-22 01:09:37', '2024-02-22 01:09:37', 11),
(33, 2, 33, '2024-02-22 01:09:43', '2024-02-22 01:09:43', 12),
(34, 2, 34, '2024-02-22 01:09:44', '2024-02-22 01:09:44', 13),
(35, 2, 35, '2024-02-22 01:09:44', '2024-02-22 01:09:44', 14),
(36, 2, 36, '2024-02-22 01:09:45', '2024-02-22 01:09:45', 15),
(37, 2, 37, '2024-02-22 01:09:48', '2024-02-22 01:09:48', 16),
(38, 2, 38, '2024-02-22 01:09:48', '2024-02-22 01:09:48', 17),
(39, 2, 39, '2024-02-22 01:09:49', '2024-02-22 01:09:49', 18),
(40, 2, 40, '2024-02-22 01:09:49', '2024-02-22 01:09:49', 19),
(41, 3, 41, '2024-02-22 01:10:00', '2024-02-22 01:10:00', 0),
(42, 3, 24, '2024-02-22 01:10:00', '2024-02-22 01:10:00', 1),
(43, 3, 25, '2024-02-22 01:10:00', '2024-02-22 01:10:00', 2),
(44, 3, 42, '2024-02-22 01:10:03', '2024-02-22 01:10:03', 3),
(45, 3, 43, '2024-02-22 01:10:11', '2024-02-22 01:10:11', 4),
(46, 3, 44, '2024-02-22 01:10:12', '2024-02-22 01:10:12', 5),
(47, 3, 45, '2024-02-22 01:10:15', '2024-02-22 01:10:15', 6),
(48, 3, 46, '2024-02-22 01:10:17', '2024-02-22 01:10:17', 7),
(49, 3, 47, '2024-02-22 01:10:18', '2024-02-22 01:10:18', 8),
(50, 3, 48, '2024-02-22 01:10:21', '2024-02-22 01:10:21', 9),
(51, 3, 3, '2024-02-22 01:10:21', '2024-02-22 01:10:21', 10),
(52, 4, 1, '2024-02-22 01:10:27', '2024-02-22 01:10:27', 0),
(53, 4, 49, '2024-02-22 01:10:30', '2024-02-22 01:10:30', 1),
(54, 4, 50, '2024-02-22 01:10:31', '2024-02-22 01:10:31', 2),
(55, 4, 51, '2024-02-22 01:10:36', '2024-02-22 01:10:36', 3),
(56, 4, 52, '2024-02-22 01:10:36', '2024-02-22 01:10:36', 4),
(57, 4, 53, '2024-02-22 01:10:48', '2024-02-22 01:10:48', 5),
(58, 4, 54, '2024-02-22 01:10:49', '2024-02-22 01:10:49', 6),
(59, 4, 55, '2024-02-22 01:10:51', '2024-02-22 01:10:51', 7),
(60, 4, 56, '2024-02-22 01:10:55', '2024-02-22 01:10:55', 8),
(61, 5, 1, '2024-02-22 01:10:56', '2024-02-22 01:10:56', 0),
(62, 5, 49, '2024-02-22 01:10:56', '2024-02-22 01:10:56', 1),
(63, 5, 50, '2024-02-22 01:10:56', '2024-02-22 01:10:56', 2),
(64, 5, 51, '2024-02-22 01:10:56', '2024-02-22 01:10:56', 3),
(65, 5, 52, '2024-02-22 01:10:56', '2024-02-22 01:10:56', 4),
(66, 5, 53, '2024-02-22 01:10:56', '2024-02-22 01:10:56', 5),
(67, 5, 54, '2024-02-22 01:10:56', '2024-02-22 01:10:56', 6),
(68, 5, 55, '2024-02-22 01:10:56', '2024-02-22 01:10:56', 7),
(69, 5, 57, '2024-02-22 01:10:58', '2024-02-22 01:10:58', 8),
(70, 5, 58, '2024-02-22 01:10:59', '2024-02-22 01:10:59', 9),
(71, 5, 59, '2024-02-22 01:10:59', '2024-02-22 01:10:59', 10),
(72, 5, 60, '2024-02-22 01:11:00', '2024-02-22 01:11:00', 11),
(73, 5, 61, '2024-02-22 01:11:01', '2024-02-22 01:11:01', 12),
(74, 6, 41, '2024-02-22 01:11:03', '2024-02-22 01:11:03', 0),
(75, 6, 24, '2024-02-22 01:11:03', '2024-02-22 01:11:03', 1),
(76, 6, 25, '2024-02-22 01:11:03', '2024-02-22 01:11:03', 2),
(77, 6, 42, '2024-02-22 01:11:03', '2024-02-22 01:11:03', 3),
(78, 6, 43, '2024-02-22 01:11:03', '2024-02-22 01:11:03', 4),
(79, 6, 44, '2024-02-22 01:11:03', '2024-02-22 01:11:03', 5),
(80, 6, 45, '2024-02-22 01:11:03', '2024-02-22 01:11:03', 6),
(81, 6, 46, '2024-02-22 01:11:03', '2024-02-22 01:11:03', 7),
(82, 6, 47, '2024-02-22 01:11:03', '2024-02-22 01:11:03', 8),
(83, 6, 48, '2024-02-22 01:11:03', '2024-02-22 01:11:03', 9),
(84, 6, 3, '2024-02-22 01:11:03', '2024-02-22 01:11:03', 10),
(85, 7, 4, '2024-02-22 01:11:05', '2024-02-22 01:11:05', 0),
(86, 7, 5, '2024-02-22 01:11:05', '2024-02-22 01:11:05', 1),
(87, 7, 6, '2024-02-22 01:11:05', '2024-02-22 01:11:05', 2),
(88, 7, 7, '2024-02-22 01:11:05', '2024-02-22 01:11:05', 3),
(89, 7, 8, '2024-02-22 01:11:05', '2024-02-22 01:11:05', 4),
(90, 7, 9, '2024-02-22 01:11:05', '2024-02-22 01:11:05', 5),
(91, 7, 10, '2024-02-22 01:11:05', '2024-02-22 01:11:05', 6),
(92, 7, 62, '2024-02-22 01:11:06', '2024-02-22 01:11:06', 7),
(93, 7, 63, '2024-02-22 01:11:07', '2024-02-22 01:11:07', 8),
(94, 7, 64, '2024-02-22 01:11:08', '2024-02-22 01:11:08', 9),
(95, 7, 13, '2024-02-22 01:11:08', '2024-02-22 01:11:08', 10),
(96, 7, 14, '2024-02-22 01:11:08', '2024-02-22 01:11:08', 11),
(97, 7, 15, '2024-02-22 01:11:08', '2024-02-22 01:11:08', 12),
(98, 7, 16, '2024-02-22 01:11:08', '2024-02-22 01:11:08', 13),
(99, 7, 17, '2024-02-22 01:11:08', '2024-02-22 01:11:08', 14),
(100, 7, 18, '2024-02-22 01:11:08', '2024-02-22 01:11:08', 15),
(101, 7, 19, '2024-02-22 01:11:08', '2024-02-22 01:11:08', 16),
(102, 7, 20, '2024-02-22 01:11:08', '2024-02-22 01:11:08', 17),
(103, 7, 21, '2024-02-22 01:11:08', '2024-02-22 01:11:08', 18),
(104, 7, 22, '2024-02-22 01:11:08', '2024-02-22 01:11:08', 19),
(105, 7, 23, '2024-02-22 01:11:08', '2024-02-22 01:11:08', 20),
(106, 7, 65, '2024-02-22 01:11:09', '2024-02-22 01:11:09', 21),
(107, 7, 56, '2024-02-22 01:11:09', '2024-02-22 01:11:09', 22),
(108, 7, 66, '2024-02-22 01:11:09', '2024-02-22 01:11:09', 23),
(109, 8, 4, '2024-02-22 01:11:14', '2024-02-22 01:11:14', 0),
(110, 8, 5, '2024-02-22 01:11:14', '2024-02-22 01:11:14', 1),
(111, 8, 6, '2024-02-22 01:11:14', '2024-02-22 01:11:14', 2),
(112, 8, 67, '2024-02-22 01:11:14', '2024-02-22 01:11:14', 3),
(113, 8, 34, '2024-02-22 01:11:14', '2024-02-22 01:11:14', 4),
(114, 8, 68, '2024-02-22 01:11:31', '2024-02-22 01:11:31', 5),
(115, 9, 69, '2024-02-22 01:11:49', '2024-02-22 01:11:49', 0),
(116, 9, 70, '2024-02-22 01:11:50', '2024-02-22 01:11:50', 1),
(117, 9, 37, '2024-02-22 01:11:50', '2024-02-22 01:11:50', 2),
(118, 9, 38, '2024-02-22 01:11:50', '2024-02-22 01:11:50', 3),
(119, 9, 39, '2024-02-22 01:11:50', '2024-02-22 01:11:50', 4),
(120, 9, 40, '2024-02-22 01:11:50', '2024-02-22 01:11:50', 5),
(121, 10, 71, '2024-02-22 01:11:55', '2024-02-22 01:11:55', 0),
(122, 10, 72, '2024-02-22 01:11:56', '2024-02-22 01:11:56', 1),
(123, 10, 73, '2024-02-22 01:11:58', '2024-02-22 01:11:58', 2),
(124, 10, 74, '2024-02-22 01:12:02', '2024-02-22 01:12:02', 3),
(125, 10, 75, '2024-02-22 01:12:05', '2024-02-22 01:12:05', 4),
(126, 10, 76, '2024-02-22 01:12:07', '2024-02-22 01:12:07', 5),
(127, 10, 77, '2024-02-22 01:12:07', '2024-02-22 01:12:07', 6),
(128, 10, 78, '2024-02-22 01:12:09', '2024-02-22 01:12:09', 7),
(129, 10, 79, '2024-02-22 01:12:11', '2024-02-22 01:12:11', 8),
(130, 10, 80, '2024-02-22 01:12:18', '2024-02-22 01:12:18', 9),
(131, 10, 81, '2024-02-22 01:12:18', '2024-02-22 01:12:18', 10),
(132, 10, 82, '2024-02-22 01:12:19', '2024-02-22 01:12:19', 11),
(133, 11, 82, '2024-02-22 01:12:22', '2024-02-22 01:12:22', 0),
(134, 11, 81, '2024-02-22 01:12:22', '2024-02-22 01:12:22', 1),
(135, 11, 83, '2024-02-22 01:12:28', '2024-02-22 01:12:28', 2),
(136, 11, 79, '2024-02-22 01:12:28', '2024-02-22 01:12:28', 3),
(137, 11, 84, '2024-02-22 01:12:31', '2024-02-22 01:12:31', 4),
(138, 11, 85, '2024-02-22 01:12:31', '2024-02-22 01:12:31', 5),
(139, 11, 86, '2024-02-22 01:12:35', '2024-02-22 01:12:35', 6),
(140, 11, 87, '2024-02-22 01:12:39', '2024-02-22 01:12:39', 7),
(141, 11, 88, '2024-02-22 01:12:39', '2024-02-22 01:12:39', 8),
(142, 11, 20, '2024-02-22 01:12:39', '2024-02-22 01:12:39', 9),
(143, 12, 4, '2024-02-22 01:12:44', '2024-02-22 01:12:44', 0),
(144, 12, 89, '2024-02-22 01:12:44', '2024-02-22 01:12:44', 1),
(145, 12, 38, '2024-02-22 01:12:44', '2024-02-22 01:12:44', 2),
(146, 12, 90, '2024-02-22 01:12:45', '2024-02-22 01:12:45', 3),
(147, 12, 91, '2024-02-22 01:12:46', '2024-02-22 01:12:46', 4),
(148, 12, 92, '2024-02-22 01:12:57', '2024-02-22 01:12:57', 5),
(149, 12, 93, '2024-02-22 01:13:03', '2024-02-22 01:13:03', 6),
(150, 13, 93, '2024-02-22 01:13:12', '2024-02-22 01:13:12', 0),
(151, 13, 94, '2024-02-22 01:13:33', '2024-02-22 01:13:33', 1),
(152, 13, 95, '2024-02-22 01:13:34', '2024-02-22 01:13:34', 2),
(153, 13, 96, '2024-02-22 01:13:37', '2024-02-22 01:13:37', 3),
(154, 13, 97, '2024-02-22 01:13:39', '2024-02-22 01:13:39', 4),
(155, 13, 40, '2024-02-22 01:13:39', '2024-02-22 01:13:39', 5),
(156, 14, 98, '2024-02-22 01:13:51', '2024-02-22 01:13:51', 0),
(157, 14, 99, '2024-02-22 01:13:52', '2024-02-22 01:13:52', 1),
(158, 14, 100, '2024-02-22 01:13:53', '2024-02-22 01:13:53', 2),
(159, 14, 101, '2024-02-22 01:13:54', '2024-02-22 01:13:54', 3),
(160, 14, 102, '2024-02-22 01:13:56', '2024-02-22 01:13:56', 4),
(161, 14, 103, '2024-02-22 01:13:57', '2024-02-22 01:13:57', 5),
(162, 14, 104, '2024-02-22 01:13:58', '2024-02-22 01:13:58', 6),
(163, 14, 105, '2024-02-22 01:14:00', '2024-02-22 01:14:00', 7),
(164, 14, 106, '2024-02-22 01:14:03', '2024-02-22 01:14:03', 8),
(165, 14, 107, '2024-02-22 01:14:05', '2024-02-22 01:14:05', 9),
(166, 15, 98, '2024-02-22 01:14:08', '2024-02-22 01:14:08', 0),
(167, 15, 99, '2024-02-22 01:14:08', '2024-02-22 01:14:08', 1),
(168, 15, 100, '2024-02-22 01:14:08', '2024-02-22 01:14:08', 2),
(169, 15, 101, '2024-02-22 01:14:08', '2024-02-22 01:14:08', 3),
(170, 15, 108, '2024-02-22 01:14:10', '2024-02-22 01:14:10', 4),
(171, 15, 109, '2024-02-22 01:14:10', '2024-02-22 01:14:10', 5),
(172, 15, 110, '2024-02-22 01:14:12', '2024-02-22 01:14:12', 6),
(173, 15, 111, '2024-02-22 01:14:13', '2024-02-22 01:14:13', 7),
(174, 15, 112, '2024-02-22 01:14:15', '2024-02-22 01:14:15', 8),
(175, 15, 113, '2024-02-22 01:14:17', '2024-02-22 01:14:17', 9),
(176, 15, 114, '2024-02-22 01:14:18', '2024-02-22 01:14:18', 10),
(177, 15, 115, '2024-02-22 01:14:18', '2024-02-22 01:14:18', 11),
(178, 15, 116, '2024-02-22 01:14:19', '2024-02-22 01:14:19', 12),
(179, 15, 117, '2024-02-22 01:14:19', '2024-02-22 01:14:19', 13),
(180, 15, 118, '2024-02-22 01:14:20', '2024-02-22 01:14:20', 14),
(181, 15, 106, '2024-02-22 01:14:20', '2024-02-22 01:14:20', 15),
(182, 15, 107, '2024-02-22 01:14:20', '2024-02-22 01:14:20', 16),
(183, 16, 98, '2024-02-22 01:14:23', '2024-02-22 01:14:23', 0),
(184, 16, 117, '2024-02-22 01:14:23', '2024-02-22 01:14:23', 1),
(185, 16, 119, '2024-02-22 01:14:25', '2024-02-22 01:14:25', 2),
(186, 16, 120, '2024-02-22 01:14:29', '2024-02-22 01:14:29', 3),
(187, 16, 121, '2024-02-22 01:14:30', '2024-02-22 01:14:30', 4),
(188, 16, 122, '2024-02-22 01:14:31', '2024-02-22 01:14:31', 5),
(189, 16, 123, '2024-02-22 01:14:34', '2024-02-22 01:14:34', 6),
(190, 16, 124, '2024-02-22 01:14:35', '2024-02-22 01:14:35', 7),
(191, 16, 125, '2024-02-22 01:14:36', '2024-02-22 01:14:36', 8),
(192, 16, 118, '2024-02-22 01:14:36', '2024-02-22 01:14:36', 9),
(193, 16, 106, '2024-02-22 01:14:36', '2024-02-22 01:14:36', 10),
(194, 16, 107, '2024-02-22 01:14:36', '2024-02-22 01:14:36', 11);

--
-- Volcado de datos para la tabla `route_stop`
--

INSERT INTO `route_stop` (`route_stop_id`, `route_id`, `stop_id`, `order_stop`, `created_at`, `updated_at`) VALUES
(1, 1, 1, 0, '2024-02-22 01:08:01', '2024-02-22 01:08:01'),
(2, 1, 2, 1, '2024-02-22 01:08:01', '2024-02-22 01:08:01'),
(3, 1, 3, 2, '2024-02-22 01:08:01', '2024-02-22 01:08:01'),
(4, 1, 4, 3, '2024-02-22 01:08:01', '2024-02-22 01:08:01'),
(5, 1, 5, 4, '2024-02-22 01:08:02', '2024-02-22 01:08:02'),
(6, 1, 6, 5, '2024-02-22 01:08:02', '2024-02-22 01:08:02'),
(7, 1, 7, 6, '2024-02-22 01:08:02', '2024-02-22 01:08:02'),
(8, 1, 8, 7, '2024-02-22 01:08:02', '2024-02-22 01:08:02'),
(9, 1, 9, 8, '2024-02-22 01:08:02', '2024-02-22 01:08:02'),
(10, 1, 10, 9, '2024-02-22 01:08:02', '2024-02-22 01:08:02'),
(11, 1, 11, 10, '2024-02-22 01:08:03', '2024-02-22 01:08:03'),
(12, 1, 12, 11, '2024-02-22 01:08:03', '2024-02-22 01:08:03'),
(13, 1, 13, 12, '2024-02-22 01:08:03', '2024-02-22 01:08:03'),
(14, 1, 14, 13, '2024-02-22 01:08:03', '2024-02-22 01:08:03'),
(15, 1, 15, 14, '2024-02-22 01:08:03', '2024-02-22 01:08:03'),
(16, 1, 16, 15, '2024-02-22 01:08:03', '2024-02-22 01:08:03'),
(17, 1, 17, 16, '2024-02-22 01:08:04', '2024-02-22 01:08:04'),
(18, 1, 18, 17, '2024-02-22 01:08:04', '2024-02-22 01:08:04'),
(19, 1, 19, 18, '2024-02-22 01:08:04', '2024-02-22 01:08:04'),
(20, 1, 20, 19, '2024-02-22 01:08:04', '2024-02-22 01:08:04'),
(21, 1, 21, 20, '2024-02-22 01:08:04', '2024-02-22 01:08:04'),
(22, 1, 22, 21, '2024-02-22 01:08:04', '2024-02-22 01:08:04'),
(23, 1, 23, 22, '2024-02-22 01:08:04', '2024-02-22 01:08:04'),
(24, 1, 24, 23, '2024-02-22 01:08:05', '2024-02-22 01:08:05'),
(25, 1, 25, 24, '2024-02-22 01:08:05', '2024-02-22 01:08:05'),
(26, 1, 26, 25, '2024-02-22 01:08:05', '2024-02-22 01:08:05'),
(27, 1, 27, 26, '2024-02-22 01:08:05', '2024-02-22 01:08:05'),
(28, 1, 28, 27, '2024-02-22 01:08:05', '2024-02-22 01:08:05'),
(29, 1, 29, 28, '2024-02-22 01:08:05', '2024-02-22 01:08:05'),
(30, 1, 30, 29, '2024-02-22 01:08:06', '2024-02-22 01:08:06'),
(31, 1, 31, 30, '2024-02-22 01:08:06', '2024-02-22 01:08:06'),
(32, 1, 32, 31, '2024-02-22 01:08:06', '2024-02-22 01:08:06'),
(33, 1, 33, 32, '2024-02-22 01:08:06', '2024-02-22 01:08:06'),
(34, 1, 34, 33, '2024-02-22 01:08:06', '2024-02-22 01:08:06'),
(35, 1, 35, 34, '2024-02-22 01:08:06', '2024-02-22 01:08:06'),
(36, 1, 36, 35, '2024-02-22 01:08:07', '2024-02-22 01:08:07'),
(37, 1, 37, 36, '2024-02-22 01:08:07', '2024-02-22 01:08:07'),
(38, 1, 38, 37, '2024-02-22 01:08:07', '2024-02-22 01:08:07'),
(39, 1, 39, 38, '2024-02-22 01:08:07', '2024-02-22 01:08:07'),
(40, 1, 40, 39, '2024-02-22 01:08:07', '2024-02-22 01:08:07'),
(41, 1, 41, 40, '2024-02-22 01:08:07', '2024-02-22 01:08:07'),
(42, 1, 42, 41, '2024-02-22 01:08:08', '2024-02-22 01:08:08'),
(43, 1, 43, 42, '2024-02-22 01:08:08', '2024-02-22 01:08:08'),
(44, 1, 44, 43, '2024-02-22 01:08:08', '2024-02-22 01:08:08'),
(45, 1, 45, 44, '2024-02-22 01:08:08', '2024-02-22 01:08:08'),
(46, 1, 46, 45, '2024-02-22 01:08:08', '2024-02-22 01:08:08'),
(47, 1, 47, 46, '2024-02-22 01:08:08', '2024-02-22 01:08:08'),
(48, 1, 48, 47, '2024-02-22 01:08:09', '2024-02-22 01:08:09'),
(49, 1, 49, 48, '2024-02-22 01:08:09', '2024-02-22 01:08:09'),
(50, 1, 50, 49, '2024-02-22 01:08:09', '2024-02-22 01:08:09'),
(51, 1, 51, 50, '2024-02-22 01:08:09', '2024-02-22 01:08:09'),
(52, 1, 52, 51, '2024-02-22 01:08:09', '2024-02-22 01:08:09'),
(53, 1, 53, 52, '2024-02-22 01:08:09', '2024-02-22 01:08:09'),
(54, 1, 54, 53, '2024-02-22 01:08:10', '2024-02-22 01:08:10'),
(55, 1, 55, 54, '2024-02-22 01:08:10', '2024-02-22 01:08:10'),
(56, 1, 56, 55, '2024-02-22 01:08:10', '2024-02-22 01:08:10'),
(57, 1, 57, 56, '2024-02-22 01:08:10', '2024-02-22 01:08:10'),
(58, 1, 58, 57, '2024-02-22 01:08:10', '2024-02-22 01:08:10'),
(59, 1, 59, 58, '2024-02-22 01:08:10', '2024-02-22 01:08:10'),
(60, 1, 60, 59, '2024-02-22 01:08:11', '2024-02-22 01:08:11'),
(61, 1, 61, 60, '2024-02-22 01:08:11', '2024-02-22 01:08:11'),
(62, 1, 62, 61, '2024-02-22 01:08:11', '2024-02-22 01:08:11'),
(63, 1, 63, 62, '2024-02-22 01:08:11', '2024-02-22 01:08:11'),
(64, 1, 64, 63, '2024-02-22 01:08:11', '2024-02-22 01:08:11'),
(65, 1, 65, 64, '2024-02-22 01:08:11', '2024-02-22 01:08:11'),
(66, 1, 66, 65, '2024-02-22 01:08:12', '2024-02-22 01:08:12'),
(67, 1, 67, 66, '2024-02-22 01:08:12', '2024-02-22 01:08:12'),
(68, 1, 68, 67, '2024-02-22 01:08:12', '2024-02-22 01:08:12'),
(69, 1, 69, 68, '2024-02-22 01:08:12', '2024-02-22 01:08:12'),
(70, 1, 70, 69, '2024-02-22 01:08:12', '2024-02-22 01:08:12'),
(71, 1, 71, 70, '2024-02-22 01:08:12', '2024-02-22 01:08:12'),
(72, 2, 1, 0, '2024-02-22 01:09:03', '2024-02-22 01:09:03'),
(73, 2, 2, 1, '2024-02-22 01:09:03', '2024-02-22 01:09:03'),
(74, 2, 72, 2, '2024-02-22 01:09:03', '2024-02-22 01:09:03'),
(75, 2, 73, 3, '2024-02-22 01:09:03', '2024-02-22 01:09:03'),
(76, 2, 74, 4, '2024-02-22 01:09:03', '2024-02-22 01:09:03'),
(77, 2, 75, 5, '2024-02-22 01:09:03', '2024-02-22 01:09:03'),
(78, 2, 76, 6, '2024-02-22 01:09:04', '2024-02-22 01:09:04'),
(79, 2, 77, 7, '2024-02-22 01:09:04', '2024-02-22 01:09:04'),
(80, 2, 78, 8, '2024-02-22 01:09:04', '2024-02-22 01:09:04'),
(81, 2, 79, 9, '2024-02-22 01:09:04', '2024-02-22 01:09:04'),
(82, 2, 80, 10, '2024-02-22 01:09:04', '2024-02-22 01:09:04'),
(83, 2, 81, 11, '2024-02-22 01:09:04', '2024-02-22 01:09:04'),
(84, 2, 82, 12, '2024-02-22 01:09:05', '2024-02-22 01:09:05'),
(85, 2, 83, 13, '2024-02-22 01:09:05', '2024-02-22 01:09:05'),
(86, 2, 84, 14, '2024-02-22 01:09:05', '2024-02-22 01:09:05'),
(87, 2, 85, 15, '2024-02-22 01:09:05', '2024-02-22 01:09:05'),
(88, 2, 86, 16, '2024-02-22 01:09:05', '2024-02-22 01:09:05'),
(89, 2, 87, 17, '2024-02-22 01:09:06', '2024-02-22 01:09:06'),
(90, 2, 88, 18, '2024-02-22 01:09:06', '2024-02-22 01:09:06'),
(91, 2, 89, 19, '2024-02-22 01:09:06', '2024-02-22 01:09:06'),
(92, 2, 90, 20, '2024-02-22 01:09:06', '2024-02-22 01:09:06'),
(93, 2, 91, 21, '2024-02-22 01:09:06', '2024-02-22 01:09:06'),
(94, 2, 92, 22, '2024-02-22 01:09:06', '2024-02-22 01:09:06'),
(95, 2, 93, 23, '2024-02-22 01:09:07', '2024-02-22 01:09:07'),
(96, 2, 94, 24, '2024-02-22 01:09:07', '2024-02-22 01:09:07'),
(97, 2, 95, 25, '2024-02-22 01:09:07', '2024-02-22 01:09:07'),
(98, 2, 96, 26, '2024-02-22 01:09:07', '2024-02-22 01:09:07'),
(99, 2, 97, 27, '2024-02-22 01:09:07', '2024-02-22 01:09:07'),
(100, 2, 98, 28, '2024-02-22 01:09:07', '2024-02-22 01:09:07'),
(101, 2, 99, 29, '2024-02-22 01:09:08', '2024-02-22 01:09:08'),
(102, 2, 100, 30, '2024-02-22 01:09:08', '2024-02-22 01:09:08'),
(103, 2, 101, 31, '2024-02-22 01:09:08', '2024-02-22 01:09:08'),
(104, 2, 102, 32, '2024-02-22 01:09:08', '2024-02-22 01:09:08'),
(105, 2, 103, 33, '2024-02-22 01:09:08', '2024-02-22 01:09:08'),
(106, 2, 104, 34, '2024-02-22 01:09:08', '2024-02-22 01:09:08'),
(107, 2, 105, 35, '2024-02-22 01:09:09', '2024-02-22 01:09:09'),
(108, 2, 106, 36, '2024-02-22 01:09:09', '2024-02-22 01:09:09'),
(109, 2, 107, 37, '2024-02-22 01:09:09', '2024-02-22 01:09:09'),
(110, 2, 108, 38, '2024-02-22 01:09:09', '2024-02-22 01:09:09'),
(111, 2, 109, 39, '2024-02-22 01:09:09', '2024-02-22 01:09:09'),
(112, 2, 110, 40, '2024-02-22 01:09:09', '2024-02-22 01:09:09'),
(113, 2, 111, 41, '2024-02-22 01:09:10', '2024-02-22 01:09:10'),
(114, 2, 112, 42, '2024-02-22 01:09:10', '2024-02-22 01:09:10'),
(115, 2, 113, 43, '2024-02-22 01:09:10', '2024-02-22 01:09:10'),
(116, 2, 114, 44, '2024-02-22 01:09:10', '2024-02-22 01:09:10'),
(117, 2, 115, 45, '2024-02-22 01:09:10', '2024-02-22 01:09:10'),
(118, 2, 116, 46, '2024-02-22 01:09:10', '2024-02-22 01:09:10'),
(119, 2, 117, 47, '2024-02-22 01:09:11', '2024-02-22 01:09:11'),
(120, 2, 118, 48, '2024-02-22 01:09:11', '2024-02-22 01:09:11'),
(121, 2, 119, 49, '2024-02-22 01:09:11', '2024-02-22 01:09:11'),
(122, 2, 120, 50, '2024-02-22 01:09:11', '2024-02-22 01:09:11'),
(123, 2, 121, 51, '2024-02-22 01:09:11', '2024-02-22 01:09:11'),
(124, 2, 70, 52, '2024-02-22 01:09:11', '2024-02-22 01:09:11'),
(125, 2, 71, 53, '2024-02-22 01:09:11', '2024-02-22 01:09:11'),
(126, 2, 122, 54, '2024-02-22 01:09:11', '2024-02-22 01:09:11'),
(127, 2, 123, 55, '2024-02-22 01:09:12', '2024-02-22 01:09:12'),
(128, 3, 124, 0, '2024-02-22 01:09:49', '2024-02-22 01:09:49'),
(129, 3, 125, 1, '2024-02-22 01:09:49', '2024-02-22 01:09:49'),
(130, 3, 126, 2, '2024-02-22 01:09:50', '2024-02-22 01:09:50'),
(131, 3, 127, 3, '2024-02-22 01:09:50', '2024-02-22 01:09:50'),
(132, 3, 128, 4, '2024-02-22 01:09:50', '2024-02-22 01:09:50'),
(133, 3, 129, 5, '2024-02-22 01:09:50', '2024-02-22 01:09:50'),
(134, 3, 130, 6, '2024-02-22 01:09:50', '2024-02-22 01:09:50'),
(135, 3, 131, 7, '2024-02-22 01:09:50', '2024-02-22 01:09:50'),
(136, 3, 132, 8, '2024-02-22 01:09:51', '2024-02-22 01:09:51'),
(137, 3, 133, 9, '2024-02-22 01:09:51', '2024-02-22 01:09:51'),
(138, 3, 134, 10, '2024-02-22 01:09:51', '2024-02-22 01:09:51'),
(139, 3, 135, 11, '2024-02-22 01:09:51', '2024-02-22 01:09:51'),
(140, 3, 136, 12, '2024-02-22 01:09:51', '2024-02-22 01:09:51'),
(141, 3, 137, 13, '2024-02-22 01:09:51', '2024-02-22 01:09:51'),
(142, 3, 138, 14, '2024-02-22 01:09:52', '2024-02-22 01:09:52'),
(143, 3, 72, 15, '2024-02-22 01:09:52', '2024-02-22 01:09:52'),
(144, 3, 73, 16, '2024-02-22 01:09:52', '2024-02-22 01:09:52'),
(145, 3, 74, 17, '2024-02-22 01:09:52', '2024-02-22 01:09:52'),
(146, 3, 75, 18, '2024-02-22 01:09:52', '2024-02-22 01:09:52'),
(147, 3, 76, 19, '2024-02-22 01:09:52', '2024-02-22 01:09:52'),
(148, 3, 77, 20, '2024-02-22 01:09:52', '2024-02-22 01:09:52'),
(149, 3, 78, 21, '2024-02-22 01:09:52', '2024-02-22 01:09:52'),
(150, 3, 79, 22, '2024-02-22 01:09:52', '2024-02-22 01:09:52'),
(151, 3, 139, 23, '2024-02-22 01:09:52', '2024-02-22 01:09:52'),
(152, 3, 140, 24, '2024-02-22 01:09:52', '2024-02-22 01:09:52'),
(153, 3, 141, 25, '2024-02-22 01:09:52', '2024-02-22 01:09:52'),
(154, 3, 142, 26, '2024-02-22 01:09:52', '2024-02-22 01:09:52'),
(155, 3, 143, 27, '2024-02-22 01:09:52', '2024-02-22 01:09:52'),
(156, 3, 144, 28, '2024-02-22 01:09:53', '2024-02-22 01:09:53'),
(157, 3, 145, 29, '2024-02-22 01:09:53', '2024-02-22 01:09:53'),
(158, 3, 146, 30, '2024-02-22 01:09:53', '2024-02-22 01:09:53'),
(159, 3, 147, 31, '2024-02-22 01:09:53', '2024-02-22 01:09:53'),
(160, 3, 148, 32, '2024-02-22 01:09:53', '2024-02-22 01:09:53'),
(161, 3, 149, 33, '2024-02-22 01:09:53', '2024-02-22 01:09:53'),
(162, 3, 150, 34, '2024-02-22 01:09:54', '2024-02-22 01:09:54'),
(163, 3, 151, 35, '2024-02-22 01:09:54', '2024-02-22 01:09:54'),
(164, 3, 152, 36, '2024-02-22 01:09:54', '2024-02-22 01:09:54'),
(165, 3, 153, 37, '2024-02-22 01:09:54', '2024-02-22 01:09:54'),
(166, 3, 154, 38, '2024-02-22 01:09:54', '2024-02-22 01:09:54'),
(167, 3, 155, 39, '2024-02-22 01:09:54', '2024-02-22 01:09:54'),
(168, 3, 156, 40, '2024-02-22 01:09:55', '2024-02-22 01:09:55'),
(169, 3, 157, 41, '2024-02-22 01:09:55', '2024-02-22 01:09:55'),
(170, 3, 158, 42, '2024-02-22 01:09:55', '2024-02-22 01:09:55'),
(171, 3, 159, 43, '2024-02-22 01:09:55', '2024-02-22 01:09:55'),
(172, 3, 160, 44, '2024-02-22 01:09:55', '2024-02-22 01:09:55'),
(173, 3, 161, 45, '2024-02-22 01:09:55', '2024-02-22 01:09:55'),
(174, 3, 162, 46, '2024-02-22 01:09:56', '2024-02-22 01:09:56'),
(175, 3, 68, 47, '2024-02-22 01:09:56', '2024-02-22 01:09:56'),
(176, 3, 69, 48, '2024-02-22 01:09:56', '2024-02-22 01:09:56'),
(177, 4, 70, 0, '2024-02-22 01:10:21', '2024-02-22 01:10:21'),
(178, 4, 71, 1, '2024-02-22 01:10:21', '2024-02-22 01:10:21'),
(179, 4, 163, 2, '2024-02-22 01:10:21', '2024-02-22 01:10:21'),
(180, 4, 164, 3, '2024-02-22 01:10:21', '2024-02-22 01:10:21'),
(181, 4, 165, 4, '2024-02-22 01:10:21', '2024-02-22 01:10:21'),
(182, 4, 166, 5, '2024-02-22 01:10:21', '2024-02-22 01:10:21'),
(183, 4, 167, 6, '2024-02-22 01:10:22', '2024-02-22 01:10:22'),
(184, 4, 168, 7, '2024-02-22 01:10:22', '2024-02-22 01:10:22'),
(185, 4, 169, 8, '2024-02-22 01:10:22', '2024-02-22 01:10:22'),
(186, 4, 170, 9, '2024-02-22 01:10:22', '2024-02-22 01:10:22'),
(187, 4, 171, 10, '2024-02-22 01:10:22', '2024-02-22 01:10:22'),
(188, 4, 172, 11, '2024-02-22 01:10:22', '2024-02-22 01:10:22'),
(189, 4, 173, 12, '2024-02-22 01:10:22', '2024-02-22 01:10:22'),
(190, 4, 174, 13, '2024-02-22 01:10:23', '2024-02-22 01:10:23'),
(191, 4, 175, 14, '2024-02-22 01:10:23', '2024-02-22 01:10:23'),
(192, 4, 176, 15, '2024-02-22 01:10:23', '2024-02-22 01:10:23'),
(193, 4, 177, 16, '2024-02-22 01:10:23', '2024-02-22 01:10:23'),
(194, 4, 178, 17, '2024-02-22 01:10:23', '2024-02-22 01:10:23'),
(195, 4, 179, 18, '2024-02-22 01:10:23', '2024-02-22 01:10:23'),
(196, 4, 180, 19, '2024-02-22 01:10:24', '2024-02-22 01:10:24'),
(197, 4, 181, 20, '2024-02-22 01:10:24', '2024-02-22 01:10:24'),
(198, 4, 182, 21, '2024-02-22 01:10:24', '2024-02-22 01:10:24'),
(199, 4, 183, 22, '2024-02-22 01:10:24', '2024-02-22 01:10:24'),
(200, 4, 184, 23, '2024-02-22 01:10:24', '2024-02-22 01:10:24'),
(201, 4, 185, 24, '2024-02-22 01:10:25', '2024-02-22 01:10:25'),
(202, 4, 186, 25, '2024-02-22 01:10:25', '2024-02-22 01:10:25'),
(203, 4, 187, 26, '2024-02-22 01:10:25', '2024-02-22 01:10:25'),
(204, 4, 188, 27, '2024-02-22 01:10:25', '2024-02-22 01:10:25'),
(205, 4, 189, 28, '2024-02-22 01:10:25', '2024-02-22 01:10:25'),
(206, 4, 190, 29, '2024-02-22 01:10:25', '2024-02-22 01:10:25'),
(207, 4, 191, 30, '2024-02-22 01:10:26', '2024-02-22 01:10:26'),
(208, 4, 192, 31, '2024-02-22 01:10:26', '2024-02-22 01:10:26'),
(209, 4, 193, 32, '2024-02-22 01:10:26', '2024-02-22 01:10:26'),
(210, 4, 194, 33, '2024-02-22 01:10:26', '2024-02-22 01:10:26'),
(211, 4, 195, 34, '2024-02-22 01:10:26', '2024-02-22 01:10:26'),
(212, 4, 196, 35, '2024-02-22 01:10:26', '2024-02-22 01:10:26'),
(213, 4, 197, 36, '2024-02-22 01:10:27', '2024-02-22 01:10:27'),
(214, 4, 198, 37, '2024-02-22 01:10:27', '2024-02-22 01:10:27'),
(215, 4, 199, 38, '2024-02-22 01:10:27', '2024-02-22 01:10:27'),
(216, 4, 200, 39, '2024-02-22 01:10:27', '2024-02-22 01:10:27'),
(217, 4, 201, 40, '2024-02-22 01:10:27', '2024-02-22 01:10:27'),
(218, 5, 70, 0, '2024-02-22 01:10:55', '2024-02-22 01:10:55'),
(219, 5, 71, 1, '2024-02-22 01:10:55', '2024-02-22 01:10:55'),
(220, 5, 163, 2, '2024-02-22 01:10:55', '2024-02-22 01:10:55'),
(221, 5, 164, 3, '2024-02-22 01:10:55', '2024-02-22 01:10:55'),
(222, 5, 165, 4, '2024-02-22 01:10:55', '2024-02-22 01:10:55'),
(223, 5, 166, 5, '2024-02-22 01:10:55', '2024-02-22 01:10:55'),
(224, 5, 167, 6, '2024-02-22 01:10:55', '2024-02-22 01:10:55'),
(225, 5, 168, 7, '2024-02-22 01:10:55', '2024-02-22 01:10:55'),
(226, 5, 169, 8, '2024-02-22 01:10:55', '2024-02-22 01:10:55'),
(227, 5, 170, 9, '2024-02-22 01:10:55', '2024-02-22 01:10:55'),
(228, 5, 171, 10, '2024-02-22 01:10:55', '2024-02-22 01:10:55'),
(229, 5, 172, 11, '2024-02-22 01:10:55', '2024-02-22 01:10:55'),
(230, 5, 173, 12, '2024-02-22 01:10:55', '2024-02-22 01:10:55'),
(231, 5, 174, 13, '2024-02-22 01:10:55', '2024-02-22 01:10:55'),
(232, 5, 175, 14, '2024-02-22 01:10:55', '2024-02-22 01:10:55'),
(233, 5, 176, 15, '2024-02-22 01:10:55', '2024-02-22 01:10:55'),
(234, 5, 177, 16, '2024-02-22 01:10:55', '2024-02-22 01:10:55'),
(235, 5, 178, 17, '2024-02-22 01:10:55', '2024-02-22 01:10:55'),
(236, 5, 179, 18, '2024-02-22 01:10:55', '2024-02-22 01:10:55'),
(237, 5, 180, 19, '2024-02-22 01:10:55', '2024-02-22 01:10:55'),
(238, 5, 181, 20, '2024-02-22 01:10:55', '2024-02-22 01:10:55'),
(239, 5, 182, 21, '2024-02-22 01:10:55', '2024-02-22 01:10:55'),
(240, 5, 183, 22, '2024-02-22 01:10:55', '2024-02-22 01:10:55'),
(241, 5, 184, 23, '2024-02-22 01:10:55', '2024-02-22 01:10:55'),
(242, 5, 185, 24, '2024-02-22 01:10:55', '2024-02-22 01:10:55'),
(243, 5, 186, 25, '2024-02-22 01:10:55', '2024-02-22 01:10:55'),
(244, 5, 187, 26, '2024-02-22 01:10:55', '2024-02-22 01:10:55'),
(245, 5, 188, 27, '2024-02-22 01:10:55', '2024-02-22 01:10:55'),
(246, 5, 189, 28, '2024-02-22 01:10:55', '2024-02-22 01:10:55'),
(247, 5, 190, 29, '2024-02-22 01:10:55', '2024-02-22 01:10:55'),
(248, 5, 191, 30, '2024-02-22 01:10:55', '2024-02-22 01:10:55'),
(249, 5, 192, 31, '2024-02-22 01:10:55', '2024-02-22 01:10:55'),
(250, 5, 202, 32, '2024-02-22 01:10:55', '2024-02-22 01:10:55'),
(251, 5, 203, 33, '2024-02-22 01:10:55', '2024-02-22 01:10:55'),
(252, 5, 204, 34, '2024-02-22 01:10:55', '2024-02-22 01:10:55'),
(253, 5, 205, 35, '2024-02-22 01:10:55', '2024-02-22 01:10:55'),
(254, 5, 206, 36, '2024-02-22 01:10:56', '2024-02-22 01:10:56'),
(255, 5, 207, 37, '2024-02-22 01:10:56', '2024-02-22 01:10:56'),
(256, 5, 208, 38, '2024-02-22 01:10:56', '2024-02-22 01:10:56'),
(257, 5, 209, 39, '2024-02-22 01:10:56', '2024-02-22 01:10:56'),
(258, 5, 198, 40, '2024-02-22 01:10:56', '2024-02-22 01:10:56'),
(259, 5, 199, 41, '2024-02-22 01:10:56', '2024-02-22 01:10:56'),
(260, 5, 200, 42, '2024-02-22 01:10:56', '2024-02-22 01:10:56'),
(261, 5, 201, 43, '2024-02-22 01:10:56', '2024-02-22 01:10:56'),
(262, 6, 201, 0, '2024-02-22 01:11:01', '2024-02-22 01:11:01'),
(263, 6, 210, 1, '2024-02-22 01:11:01', '2024-02-22 01:11:01'),
(264, 6, 211, 2, '2024-02-22 01:11:02', '2024-02-22 01:11:02'),
(265, 6, 212, 3, '2024-02-22 01:11:02', '2024-02-22 01:11:02'),
(266, 6, 213, 4, '2024-02-22 01:11:02', '2024-02-22 01:11:02'),
(267, 6, 214, 5, '2024-02-22 01:11:02', '2024-02-22 01:11:02'),
(268, 6, 215, 6, '2024-02-22 01:11:02', '2024-02-22 01:11:02'),
(269, 6, 135, 7, '2024-02-22 01:11:02', '2024-02-22 01:11:02'),
(270, 6, 136, 8, '2024-02-22 01:11:02', '2024-02-22 01:11:02'),
(271, 6, 137, 9, '2024-02-22 01:11:02', '2024-02-22 01:11:02'),
(272, 6, 138, 10, '2024-02-22 01:11:02', '2024-02-22 01:11:02'),
(273, 6, 72, 11, '2024-02-22 01:11:02', '2024-02-22 01:11:02'),
(274, 6, 73, 12, '2024-02-22 01:11:02', '2024-02-22 01:11:02'),
(275, 6, 74, 13, '2024-02-22 01:11:02', '2024-02-22 01:11:02'),
(276, 6, 75, 14, '2024-02-22 01:11:02', '2024-02-22 01:11:02'),
(277, 6, 76, 15, '2024-02-22 01:11:02', '2024-02-22 01:11:02'),
(278, 6, 77, 16, '2024-02-22 01:11:02', '2024-02-22 01:11:02'),
(279, 6, 78, 17, '2024-02-22 01:11:02', '2024-02-22 01:11:02'),
(280, 6, 79, 18, '2024-02-22 01:11:02', '2024-02-22 01:11:02'),
(281, 6, 139, 19, '2024-02-22 01:11:02', '2024-02-22 01:11:02'),
(282, 6, 140, 20, '2024-02-22 01:11:02', '2024-02-22 01:11:02'),
(283, 6, 141, 21, '2024-02-22 01:11:02', '2024-02-22 01:11:02'),
(284, 6, 142, 22, '2024-02-22 01:11:02', '2024-02-22 01:11:02'),
(285, 6, 143, 23, '2024-02-22 01:11:02', '2024-02-22 01:11:02'),
(286, 6, 144, 24, '2024-02-22 01:11:02', '2024-02-22 01:11:02'),
(287, 6, 145, 25, '2024-02-22 01:11:02', '2024-02-22 01:11:02'),
(288, 6, 146, 26, '2024-02-22 01:11:02', '2024-02-22 01:11:02'),
(289, 6, 147, 27, '2024-02-22 01:11:02', '2024-02-22 01:11:02'),
(290, 6, 148, 28, '2024-02-22 01:11:02', '2024-02-22 01:11:02'),
(291, 6, 149, 29, '2024-02-22 01:11:02', '2024-02-22 01:11:02'),
(292, 6, 150, 30, '2024-02-22 01:11:02', '2024-02-22 01:11:02'),
(293, 6, 151, 31, '2024-02-22 01:11:02', '2024-02-22 01:11:02'),
(294, 6, 152, 32, '2024-02-22 01:11:02', '2024-02-22 01:11:02'),
(295, 6, 153, 33, '2024-02-22 01:11:02', '2024-02-22 01:11:02'),
(296, 6, 154, 34, '2024-02-22 01:11:02', '2024-02-22 01:11:02'),
(297, 6, 155, 35, '2024-02-22 01:11:02', '2024-02-22 01:11:02'),
(298, 6, 156, 36, '2024-02-22 01:11:02', '2024-02-22 01:11:02'),
(299, 6, 157, 37, '2024-02-22 01:11:02', '2024-02-22 01:11:02'),
(300, 6, 158, 38, '2024-02-22 01:11:02', '2024-02-22 01:11:02'),
(301, 6, 159, 39, '2024-02-22 01:11:03', '2024-02-22 01:11:03'),
(302, 6, 160, 40, '2024-02-22 01:11:03', '2024-02-22 01:11:03'),
(303, 6, 161, 41, '2024-02-22 01:11:03', '2024-02-22 01:11:03'),
(304, 6, 162, 42, '2024-02-22 01:11:03', '2024-02-22 01:11:03'),
(305, 6, 68, 43, '2024-02-22 01:11:03', '2024-02-22 01:11:03'),
(306, 6, 69, 44, '2024-02-22 01:11:03', '2024-02-22 01:11:03'),
(307, 7, 68, 0, '2024-02-22 01:11:03', '2024-02-22 01:11:03'),
(308, 7, 69, 1, '2024-02-22 01:11:03', '2024-02-22 01:11:03'),
(309, 7, 66, 2, '2024-02-22 01:11:03', '2024-02-22 01:11:03'),
(310, 7, 67, 3, '2024-02-22 01:11:03', '2024-02-22 01:11:03'),
(311, 7, 64, 4, '2024-02-22 01:11:03', '2024-02-22 01:11:03'),
(312, 7, 65, 5, '2024-02-22 01:11:03', '2024-02-22 01:11:03'),
(313, 7, 62, 6, '2024-02-22 01:11:03', '2024-02-22 01:11:03'),
(314, 7, 63, 7, '2024-02-22 01:11:03', '2024-02-22 01:11:03'),
(315, 7, 60, 8, '2024-02-22 01:11:03', '2024-02-22 01:11:03'),
(316, 7, 61, 9, '2024-02-22 01:11:03', '2024-02-22 01:11:03'),
(317, 7, 58, 10, '2024-02-22 01:11:03', '2024-02-22 01:11:03'),
(318, 7, 59, 11, '2024-02-22 01:11:03', '2024-02-22 01:11:03'),
(319, 7, 56, 12, '2024-02-22 01:11:03', '2024-02-22 01:11:03'),
(320, 7, 57, 13, '2024-02-22 01:11:03', '2024-02-22 01:11:03'),
(321, 7, 54, 14, '2024-02-22 01:11:03', '2024-02-22 01:11:03'),
(322, 7, 55, 15, '2024-02-22 01:11:03', '2024-02-22 01:11:03'),
(323, 7, 52, 16, '2024-02-22 01:11:03', '2024-02-22 01:11:03'),
(324, 7, 53, 17, '2024-02-22 01:11:03', '2024-02-22 01:11:03'),
(325, 7, 50, 18, '2024-02-22 01:11:03', '2024-02-22 01:11:03'),
(326, 7, 51, 19, '2024-02-22 01:11:03', '2024-02-22 01:11:03'),
(327, 7, 48, 20, '2024-02-22 01:11:03', '2024-02-22 01:11:03'),
(328, 7, 49, 21, '2024-02-22 01:11:03', '2024-02-22 01:11:03'),
(329, 7, 46, 22, '2024-02-22 01:11:03', '2024-02-22 01:11:03'),
(330, 7, 47, 23, '2024-02-22 01:11:03', '2024-02-22 01:11:03'),
(331, 7, 44, 24, '2024-02-22 01:11:03', '2024-02-22 01:11:03'),
(332, 7, 45, 25, '2024-02-22 01:11:03', '2024-02-22 01:11:03'),
(333, 7, 42, 26, '2024-02-22 01:11:03', '2024-02-22 01:11:03'),
(334, 7, 43, 27, '2024-02-22 01:11:03', '2024-02-22 01:11:03'),
(335, 7, 40, 28, '2024-02-22 01:11:03', '2024-02-22 01:11:03'),
(336, 7, 41, 29, '2024-02-22 01:11:03', '2024-02-22 01:11:03'),
(337, 7, 38, 30, '2024-02-22 01:11:03', '2024-02-22 01:11:03'),
(338, 7, 39, 31, '2024-02-22 01:11:03', '2024-02-22 01:11:03'),
(339, 7, 36, 32, '2024-02-22 01:11:03', '2024-02-22 01:11:03'),
(340, 7, 37, 33, '2024-02-22 01:11:03', '2024-02-22 01:11:03'),
(341, 7, 216, 34, '2024-02-22 01:11:03', '2024-02-22 01:11:03'),
(342, 7, 217, 35, '2024-02-22 01:11:03', '2024-02-22 01:11:03'),
(343, 7, 218, 36, '2024-02-22 01:11:03', '2024-02-22 01:11:03'),
(344, 7, 219, 37, '2024-02-22 01:11:04', '2024-02-22 01:11:04'),
(345, 7, 26, 38, '2024-02-22 01:11:04', '2024-02-22 01:11:04'),
(346, 7, 27, 39, '2024-02-22 01:11:04', '2024-02-22 01:11:04'),
(347, 7, 24, 40, '2024-02-22 01:11:04', '2024-02-22 01:11:04'),
(348, 7, 25, 41, '2024-02-22 01:11:04', '2024-02-22 01:11:04'),
(349, 7, 22, 42, '2024-02-22 01:11:04', '2024-02-22 01:11:04'),
(350, 7, 23, 43, '2024-02-22 01:11:04', '2024-02-22 01:11:04'),
(351, 7, 21, 44, '2024-02-22 01:11:04', '2024-02-22 01:11:04'),
(352, 7, 19, 45, '2024-02-22 01:11:04', '2024-02-22 01:11:04'),
(353, 7, 20, 46, '2024-02-22 01:11:04', '2024-02-22 01:11:04'),
(354, 7, 17, 47, '2024-02-22 01:11:04', '2024-02-22 01:11:04'),
(355, 7, 18, 48, '2024-02-22 01:11:04', '2024-02-22 01:11:04'),
(356, 7, 15, 49, '2024-02-22 01:11:04', '2024-02-22 01:11:04'),
(357, 7, 16, 50, '2024-02-22 01:11:04', '2024-02-22 01:11:04'),
(358, 7, 13, 51, '2024-02-22 01:11:04', '2024-02-22 01:11:04'),
(359, 7, 14, 52, '2024-02-22 01:11:04', '2024-02-22 01:11:04'),
(360, 7, 11, 53, '2024-02-22 01:11:04', '2024-02-22 01:11:04'),
(361, 7, 12, 54, '2024-02-22 01:11:04', '2024-02-22 01:11:04'),
(362, 7, 9, 55, '2024-02-22 01:11:04', '2024-02-22 01:11:04'),
(363, 7, 10, 56, '2024-02-22 01:11:04', '2024-02-22 01:11:04'),
(364, 7, 7, 57, '2024-02-22 01:11:04', '2024-02-22 01:11:04'),
(365, 7, 8, 58, '2024-02-22 01:11:04', '2024-02-22 01:11:04'),
(366, 7, 5, 59, '2024-02-22 01:11:04', '2024-02-22 01:11:04'),
(367, 7, 6, 60, '2024-02-22 01:11:04', '2024-02-22 01:11:04'),
(368, 7, 3, 61, '2024-02-22 01:11:04', '2024-02-22 01:11:04'),
(369, 7, 4, 62, '2024-02-22 01:11:04', '2024-02-22 01:11:04'),
(370, 7, 1, 63, '2024-02-22 01:11:04', '2024-02-22 01:11:04'),
(371, 7, 2, 64, '2024-02-22 01:11:04', '2024-02-22 01:11:04'),
(372, 7, 193, 65, '2024-02-22 01:11:04', '2024-02-22 01:11:04'),
(373, 7, 194, 66, '2024-02-22 01:11:04', '2024-02-22 01:11:04'),
(374, 7, 220, 67, '2024-02-22 01:11:04', '2024-02-22 01:11:04'),
(375, 7, 221, 68, '2024-02-22 01:11:04', '2024-02-22 01:11:04'),
(376, 7, 222, 69, '2024-02-22 01:11:04', '2024-02-22 01:11:04'),
(377, 7, 223, 70, '2024-02-22 01:11:04', '2024-02-22 01:11:04'),
(378, 7, 224, 71, '2024-02-22 01:11:05', '2024-02-22 01:11:05'),
(379, 7, 225, 72, '2024-02-22 01:11:05', '2024-02-22 01:11:05'),
(380, 8, 68, 0, '2024-02-22 01:11:09', '2024-02-22 01:11:09'),
(381, 8, 69, 1, '2024-02-22 01:11:09', '2024-02-22 01:11:09'),
(382, 8, 66, 2, '2024-02-22 01:11:09', '2024-02-22 01:11:09'),
(383, 8, 67, 3, '2024-02-22 01:11:09', '2024-02-22 01:11:09'),
(384, 8, 64, 4, '2024-02-22 01:11:09', '2024-02-22 01:11:09'),
(385, 8, 65, 5, '2024-02-22 01:11:09', '2024-02-22 01:11:09'),
(386, 8, 226, 6, '2024-02-22 01:11:09', '2024-02-22 01:11:09'),
(387, 8, 227, 7, '2024-02-22 01:11:09', '2024-02-22 01:11:09'),
(388, 8, 228, 8, '2024-02-22 01:11:10', '2024-02-22 01:11:10'),
(389, 8, 229, 9, '2024-02-22 01:11:10', '2024-02-22 01:11:10'),
(390, 8, 230, 10, '2024-02-22 01:11:10', '2024-02-22 01:11:10'),
(391, 8, 231, 11, '2024-02-22 01:11:11', '2024-02-22 01:11:11'),
(392, 8, 232, 12, '2024-02-22 01:11:11', '2024-02-22 01:11:11'),
(393, 8, 233, 13, '2024-02-22 01:11:12', '2024-02-22 01:11:12'),
(394, 8, 234, 14, '2024-02-22 01:11:12', '2024-02-22 01:11:12'),
(395, 8, 235, 15, '2024-02-22 01:11:12', '2024-02-22 01:11:12'),
(396, 8, 236, 16, '2024-02-22 01:11:12', '2024-02-22 01:11:12'),
(397, 8, 237, 17, '2024-02-22 01:11:13', '2024-02-22 01:11:13'),
(398, 8, 238, 18, '2024-02-22 01:11:13', '2024-02-22 01:11:13'),
(399, 8, 239, 19, '2024-02-22 01:11:14', '2024-02-22 01:11:14'),
(400, 8, 240, 20, '2024-02-22 01:11:14', '2024-02-22 01:11:14'),
(401, 8, 241, 21, '2024-02-22 01:11:14', '2024-02-22 01:11:14'),
(402, 9, 242, 0, '2024-02-22 01:11:31', '2024-02-22 01:11:31'),
(403, 9, 243, 1, '2024-02-22 01:11:31', '2024-02-22 01:11:31'),
(404, 9, 244, 2, '2024-02-22 01:11:32', '2024-02-22 01:11:32'),
(405, 9, 245, 3, '2024-02-22 01:11:32', '2024-02-22 01:11:32'),
(406, 9, 246, 4, '2024-02-22 01:11:32', '2024-02-22 01:11:32'),
(407, 9, 247, 5, '2024-02-22 01:11:32', '2024-02-22 01:11:32'),
(408, 9, 248, 6, '2024-02-22 01:11:32', '2024-02-22 01:11:32'),
(409, 9, 249, 7, '2024-02-22 01:11:32', '2024-02-22 01:11:32'),
(410, 9, 250, 8, '2024-02-22 01:11:33', '2024-02-22 01:11:33'),
(411, 9, 251, 9, '2024-02-22 01:11:33', '2024-02-22 01:11:33'),
(412, 9, 252, 10, '2024-02-22 01:11:33', '2024-02-22 01:11:33'),
(413, 9, 253, 11, '2024-02-22 01:11:33', '2024-02-22 01:11:33'),
(414, 9, 254, 12, '2024-02-22 01:11:33', '2024-02-22 01:11:33'),
(415, 9, 255, 13, '2024-02-22 01:11:33', '2024-02-22 01:11:33'),
(416, 9, 256, 14, '2024-02-22 01:11:33', '2024-02-22 01:11:33'),
(417, 9, 257, 15, '2024-02-22 01:11:34', '2024-02-22 01:11:34'),
(418, 9, 118, 16, '2024-02-22 01:11:34', '2024-02-22 01:11:34'),
(419, 9, 119, 17, '2024-02-22 01:11:34', '2024-02-22 01:11:34'),
(420, 9, 120, 18, '2024-02-22 01:11:34', '2024-02-22 01:11:34'),
(421, 9, 121, 19, '2024-02-22 01:11:34', '2024-02-22 01:11:34'),
(422, 9, 70, 20, '2024-02-22 01:11:34', '2024-02-22 01:11:34'),
(423, 9, 71, 21, '2024-02-22 01:11:34', '2024-02-22 01:11:34'),
(424, 10, 258, 0, '2024-02-22 01:11:50', '2024-02-22 01:11:50'),
(425, 10, 259, 1, '2024-02-22 01:11:50', '2024-02-22 01:11:50'),
(426, 10, 260, 2, '2024-02-22 01:11:50', '2024-02-22 01:11:50'),
(427, 10, 261, 3, '2024-02-22 01:11:51', '2024-02-22 01:11:51'),
(428, 10, 262, 4, '2024-02-22 01:11:51', '2024-02-22 01:11:51'),
(429, 10, 263, 5, '2024-02-22 01:11:51', '2024-02-22 01:11:51'),
(430, 10, 264, 6, '2024-02-22 01:11:51', '2024-02-22 01:11:51'),
(431, 10, 265, 7, '2024-02-22 01:11:51', '2024-02-22 01:11:51'),
(432, 10, 266, 8, '2024-02-22 01:11:51', '2024-02-22 01:11:51'),
(433, 10, 267, 9, '2024-02-22 01:11:52', '2024-02-22 01:11:52'),
(434, 10, 268, 10, '2024-02-22 01:11:52', '2024-02-22 01:11:52'),
(435, 10, 269, 11, '2024-02-22 01:11:52', '2024-02-22 01:11:52'),
(436, 10, 270, 12, '2024-02-22 01:11:52', '2024-02-22 01:11:52'),
(437, 10, 271, 13, '2024-02-22 01:11:52', '2024-02-22 01:11:52'),
(438, 10, 272, 14, '2024-02-22 01:11:52', '2024-02-22 01:11:52'),
(439, 10, 273, 15, '2024-02-22 01:11:53', '2024-02-22 01:11:53'),
(440, 10, 274, 16, '2024-02-22 01:11:53', '2024-02-22 01:11:53'),
(441, 10, 275, 17, '2024-02-22 01:11:53', '2024-02-22 01:11:53'),
(442, 10, 276, 18, '2024-02-22 01:11:53', '2024-02-22 01:11:53'),
(443, 10, 277, 19, '2024-02-22 01:11:54', '2024-02-22 01:11:54'),
(444, 10, 278, 20, '2024-02-22 01:11:54', '2024-02-22 01:11:54'),
(445, 10, 279, 21, '2024-02-22 01:11:54', '2024-02-22 01:11:54'),
(446, 10, 280, 22, '2024-02-22 01:11:54', '2024-02-22 01:11:54'),
(447, 10, 281, 23, '2024-02-22 01:11:54', '2024-02-22 01:11:54'),
(448, 11, 280, 0, '2024-02-22 01:12:19', '2024-02-22 01:12:19'),
(449, 11, 282, 1, '2024-02-22 01:12:19', '2024-02-22 01:12:19'),
(450, 11, 283, 2, '2024-02-22 01:12:19', '2024-02-22 01:12:19'),
(451, 11, 284, 3, '2024-02-22 01:12:19', '2024-02-22 01:12:19'),
(452, 11, 285, 4, '2024-02-22 01:12:20', '2024-02-22 01:12:20'),
(453, 11, 286, 5, '2024-02-22 01:12:20', '2024-02-22 01:12:20'),
(454, 11, 274, 6, '2024-02-22 01:12:20', '2024-02-22 01:12:20'),
(455, 11, 287, 7, '2024-02-22 01:12:20', '2024-02-22 01:12:20'),
(456, 11, 288, 8, '2024-02-22 01:12:20', '2024-02-22 01:12:20'),
(457, 11, 289, 9, '2024-02-22 01:12:20', '2024-02-22 01:12:20'),
(458, 11, 290, 10, '2024-02-22 01:12:20', '2024-02-22 01:12:20'),
(459, 11, 291, 11, '2024-02-22 01:12:21', '2024-02-22 01:12:21'),
(460, 11, 292, 12, '2024-02-22 01:12:21', '2024-02-22 01:12:21'),
(461, 11, 293, 13, '2024-02-22 01:12:21', '2024-02-22 01:12:21'),
(462, 11, 294, 14, '2024-02-22 01:12:21', '2024-02-22 01:12:21'),
(463, 11, 295, 15, '2024-02-22 01:12:21', '2024-02-22 01:12:21'),
(464, 11, 296, 16, '2024-02-22 01:12:21', '2024-02-22 01:12:21'),
(465, 11, 297, 17, '2024-02-22 01:12:22', '2024-02-22 01:12:22'),
(466, 11, 298, 18, '2024-02-22 01:12:22', '2024-02-22 01:12:22'),
(467, 11, 299, 19, '2024-02-22 01:12:22', '2024-02-22 01:12:22'),
(468, 11, 3, 20, '2024-02-22 01:12:22', '2024-02-22 01:12:22'),
(469, 11, 4, 21, '2024-02-22 01:12:22', '2024-02-22 01:12:22'),
(470, 11, 300, 22, '2024-02-22 01:12:22', '2024-02-22 01:12:22'),
(471, 11, 301, 23, '2024-02-22 01:12:22', '2024-02-22 01:12:22'),
(472, 11, 1, 24, '2024-02-22 01:12:22', '2024-02-22 01:12:22'),
(473, 11, 2, 25, '2024-02-22 01:12:22', '2024-02-22 01:12:22'),
(474, 12, 68, 0, '2024-02-22 01:12:39', '2024-02-22 01:12:39'),
(475, 12, 69, 1, '2024-02-22 01:12:39', '2024-02-22 01:12:39'),
(476, 12, 302, 2, '2024-02-22 01:12:39', '2024-02-22 01:12:39'),
(477, 12, 303, 3, '2024-02-22 01:12:40', '2024-02-22 01:12:40'),
(478, 12, 304, 4, '2024-02-22 01:12:40', '2024-02-22 01:12:40'),
(479, 12, 305, 5, '2024-02-22 01:12:40', '2024-02-22 01:12:40'),
(480, 12, 306, 6, '2024-02-22 01:12:40', '2024-02-22 01:12:40'),
(481, 12, 307, 7, '2024-02-22 01:12:40', '2024-02-22 01:12:40'),
(482, 12, 308, 8, '2024-02-22 01:12:40', '2024-02-22 01:12:40'),
(483, 12, 309, 9, '2024-02-22 01:12:41', '2024-02-22 01:12:41'),
(484, 12, 310, 10, '2024-02-22 01:12:41', '2024-02-22 01:12:41'),
(485, 12, 311, 11, '2024-02-22 01:12:41', '2024-02-22 01:12:41'),
(486, 12, 312, 12, '2024-02-22 01:12:41', '2024-02-22 01:12:41'),
(487, 12, 313, 13, '2024-02-22 01:12:41', '2024-02-22 01:12:41'),
(488, 12, 314, 14, '2024-02-22 01:12:41', '2024-02-22 01:12:41'),
(489, 12, 315, 15, '2024-02-22 01:12:42', '2024-02-22 01:12:42'),
(490, 12, 316, 16, '2024-02-22 01:12:42', '2024-02-22 01:12:42'),
(491, 12, 317, 17, '2024-02-22 01:12:42', '2024-02-22 01:12:42'),
(492, 12, 318, 18, '2024-02-22 01:12:42', '2024-02-22 01:12:42'),
(493, 12, 319, 19, '2024-02-22 01:12:42', '2024-02-22 01:12:42'),
(494, 12, 320, 20, '2024-02-22 01:12:42', '2024-02-22 01:12:42'),
(495, 12, 321, 21, '2024-02-22 01:12:43', '2024-02-22 01:12:43'),
(496, 12, 322, 22, '2024-02-22 01:12:43', '2024-02-22 01:12:43'),
(497, 12, 323, 23, '2024-02-22 01:12:43', '2024-02-22 01:12:43'),
(498, 12, 324, 24, '2024-02-22 01:12:43', '2024-02-22 01:12:43'),
(499, 12, 325, 25, '2024-02-22 01:12:43', '2024-02-22 01:12:43'),
(500, 12, 326, 26, '2024-02-22 01:12:43', '2024-02-22 01:12:43'),
(501, 12, 327, 27, '2024-02-22 01:12:44', '2024-02-22 01:12:44'),
(502, 13, 326, 0, '2024-02-22 01:13:03', '2024-02-22 01:13:03'),
(503, 13, 327, 1, '2024-02-22 01:13:03', '2024-02-22 01:13:03'),
(504, 13, 328, 2, '2024-02-22 01:13:03', '2024-02-22 01:13:03'),
(505, 13, 329, 3, '2024-02-22 01:13:03', '2024-02-22 01:13:03'),
(506, 13, 330, 4, '2024-02-22 01:13:04', '2024-02-22 01:13:04'),
(507, 13, 331, 5, '2024-02-22 01:13:04', '2024-02-22 01:13:04'),
(508, 13, 332, 6, '2024-02-22 01:13:04', '2024-02-22 01:13:04'),
(509, 13, 333, 7, '2024-02-22 01:13:05', '2024-02-22 01:13:05'),
(510, 13, 334, 8, '2024-02-22 01:13:05', '2024-02-22 01:13:05'),
(511, 13, 335, 9, '2024-02-22 01:13:05', '2024-02-22 01:13:05'),
(512, 13, 336, 10, '2024-02-22 01:13:06', '2024-02-22 01:13:06'),
(513, 13, 337, 11, '2024-02-22 01:13:06', '2024-02-22 01:13:06'),
(514, 13, 338, 12, '2024-02-22 01:13:07', '2024-02-22 01:13:07'),
(515, 13, 339, 13, '2024-02-22 01:13:07', '2024-02-22 01:13:07'),
(516, 13, 340, 14, '2024-02-22 01:13:07', '2024-02-22 01:13:07'),
(517, 13, 341, 15, '2024-02-22 01:13:08', '2024-02-22 01:13:08'),
(518, 13, 342, 16, '2024-02-22 01:13:08', '2024-02-22 01:13:08'),
(519, 13, 343, 17, '2024-02-22 01:13:08', '2024-02-22 01:13:08'),
(520, 13, 344, 18, '2024-02-22 01:13:09', '2024-02-22 01:13:09'),
(521, 13, 345, 19, '2024-02-22 01:13:09', '2024-02-22 01:13:09'),
(522, 13, 346, 20, '2024-02-22 01:13:10', '2024-02-22 01:13:10'),
(523, 13, 347, 21, '2024-02-22 01:13:10', '2024-02-22 01:13:10'),
(524, 13, 348, 22, '2024-02-22 01:13:10', '2024-02-22 01:13:10'),
(525, 13, 349, 23, '2024-02-22 01:13:11', '2024-02-22 01:13:11'),
(526, 13, 350, 24, '2024-02-22 01:13:11', '2024-02-22 01:13:11'),
(527, 13, 351, 25, '2024-02-22 01:13:11', '2024-02-22 01:13:11'),
(528, 13, 352, 26, '2024-02-22 01:13:12', '2024-02-22 01:13:12'),
(529, 13, 353, 27, '2024-02-22 01:13:12', '2024-02-22 01:13:12'),
(530, 13, 70, 28, '2024-02-22 01:13:12', '2024-02-22 01:13:12'),
(531, 13, 71, 29, '2024-02-22 01:13:12', '2024-02-22 01:13:12'),
(532, 14, 124, 0, '2024-02-22 01:13:39', '2024-02-22 01:13:39'),
(533, 14, 125, 1, '2024-02-22 01:13:39', '2024-02-22 01:13:39'),
(534, 14, 126, 2, '2024-02-22 01:13:39', '2024-02-22 01:13:39'),
(535, 14, 354, 3, '2024-02-22 01:13:40', '2024-02-22 01:13:40'),
(536, 14, 355, 4, '2024-02-22 01:13:40', '2024-02-22 01:13:40'),
(537, 14, 356, 5, '2024-02-22 01:13:40', '2024-02-22 01:13:40'),
(538, 14, 357, 6, '2024-02-22 01:13:40', '2024-02-22 01:13:40'),
(539, 14, 358, 7, '2024-02-22 01:13:40', '2024-02-22 01:13:40'),
(540, 14, 359, 8, '2024-02-22 01:13:40', '2024-02-22 01:13:40'),
(541, 14, 360, 9, '2024-02-22 01:13:41', '2024-02-22 01:13:41'),
(542, 14, 361, 10, '2024-02-22 01:13:41', '2024-02-22 01:13:41'),
(543, 14, 362, 11, '2024-02-22 01:13:41', '2024-02-22 01:13:41'),
(544, 14, 363, 12, '2024-02-22 01:13:41', '2024-02-22 01:13:41'),
(545, 14, 364, 13, '2024-02-22 01:13:41', '2024-02-22 01:13:41'),
(546, 14, 365, 14, '2024-02-22 01:13:41', '2024-02-22 01:13:41'),
(547, 14, 366, 15, '2024-02-22 01:13:42', '2024-02-22 01:13:42'),
(548, 14, 367, 16, '2024-02-22 01:13:42', '2024-02-22 01:13:42'),
(549, 14, 368, 17, '2024-02-22 01:13:42', '2024-02-22 01:13:42'),
(550, 14, 369, 18, '2024-02-22 01:13:42', '2024-02-22 01:13:42'),
(551, 14, 370, 19, '2024-02-22 01:13:42', '2024-02-22 01:13:42'),
(552, 14, 371, 20, '2024-02-22 01:13:42', '2024-02-22 01:13:42'),
(553, 14, 372, 21, '2024-02-22 01:13:43', '2024-02-22 01:13:43'),
(554, 14, 373, 22, '2024-02-22 01:13:43', '2024-02-22 01:13:43'),
(555, 14, 374, 23, '2024-02-22 01:13:43', '2024-02-22 01:13:43'),
(556, 14, 375, 24, '2024-02-22 01:13:43', '2024-02-22 01:13:43'),
(557, 14, 376, 25, '2024-02-22 01:13:43', '2024-02-22 01:13:43'),
(558, 14, 377, 26, '2024-02-22 01:13:43', '2024-02-22 01:13:43'),
(559, 14, 378, 27, '2024-02-22 01:13:44', '2024-02-22 01:13:44'),
(560, 14, 379, 28, '2024-02-22 01:13:44', '2024-02-22 01:13:44'),
(561, 14, 380, 29, '2024-02-22 01:13:44', '2024-02-22 01:13:44'),
(562, 14, 381, 30, '2024-02-22 01:13:44', '2024-02-22 01:13:44'),
(563, 14, 382, 31, '2024-02-22 01:13:44', '2024-02-22 01:13:44'),
(564, 14, 383, 32, '2024-02-22 01:13:44', '2024-02-22 01:13:44'),
(565, 14, 384, 33, '2024-02-22 01:13:45', '2024-02-22 01:13:45'),
(566, 14, 385, 34, '2024-02-22 01:13:45', '2024-02-22 01:13:45'),
(567, 14, 386, 35, '2024-02-22 01:13:45', '2024-02-22 01:13:45'),
(568, 14, 387, 36, '2024-02-22 01:13:45', '2024-02-22 01:13:45'),
(569, 14, 388, 37, '2024-02-22 01:13:45', '2024-02-22 01:13:45'),
(570, 14, 224, 38, '2024-02-22 01:13:45', '2024-02-22 01:13:45'),
(571, 14, 389, 39, '2024-02-22 01:13:45', '2024-02-22 01:13:45'),
(572, 15, 124, 0, '2024-02-22 01:14:05', '2024-02-22 01:14:05'),
(573, 15, 125, 1, '2024-02-22 01:14:05', '2024-02-22 01:14:05'),
(574, 15, 126, 2, '2024-02-22 01:14:05', '2024-02-22 01:14:05'),
(575, 15, 354, 3, '2024-02-22 01:14:05', '2024-02-22 01:14:05'),
(576, 15, 355, 4, '2024-02-22 01:14:05', '2024-02-22 01:14:05'),
(577, 15, 356, 5, '2024-02-22 01:14:05', '2024-02-22 01:14:05'),
(578, 15, 357, 6, '2024-02-22 01:14:05', '2024-02-22 01:14:05'),
(579, 15, 358, 7, '2024-02-22 01:14:05', '2024-02-22 01:14:05'),
(580, 15, 359, 8, '2024-02-22 01:14:05', '2024-02-22 01:14:05'),
(581, 15, 360, 9, '2024-02-22 01:14:05', '2024-02-22 01:14:05'),
(582, 15, 361, 10, '2024-02-22 01:14:05', '2024-02-22 01:14:05'),
(583, 15, 362, 11, '2024-02-22 01:14:05', '2024-02-22 01:14:05'),
(584, 15, 363, 12, '2024-02-22 01:14:05', '2024-02-22 01:14:05'),
(585, 15, 364, 13, '2024-02-22 01:14:05', '2024-02-22 01:14:05'),
(586, 15, 365, 14, '2024-02-22 01:14:05', '2024-02-22 01:14:05'),
(587, 15, 366, 15, '2024-02-22 01:14:05', '2024-02-22 01:14:05'),
(588, 15, 390, 16, '2024-02-22 01:14:06', '2024-02-22 01:14:06'),
(589, 15, 391, 17, '2024-02-22 01:14:06', '2024-02-22 01:14:06'),
(590, 15, 392, 18, '2024-02-22 01:14:06', '2024-02-22 01:14:06'),
(591, 15, 393, 19, '2024-02-22 01:14:06', '2024-02-22 01:14:06'),
(592, 15, 394, 20, '2024-02-22 01:14:06', '2024-02-22 01:14:06'),
(593, 15, 395, 21, '2024-02-22 01:14:06', '2024-02-22 01:14:06'),
(594, 15, 396, 22, '2024-02-22 01:14:07', '2024-02-22 01:14:07'),
(595, 15, 397, 23, '2024-02-22 01:14:07', '2024-02-22 01:14:07'),
(596, 15, 398, 24, '2024-02-22 01:14:07', '2024-02-22 01:14:07'),
(597, 15, 399, 25, '2024-02-22 01:14:07', '2024-02-22 01:14:07'),
(598, 15, 400, 26, '2024-02-22 01:14:07', '2024-02-22 01:14:07'),
(599, 15, 401, 27, '2024-02-22 01:14:07', '2024-02-22 01:14:07'),
(600, 15, 402, 28, '2024-02-22 01:14:08', '2024-02-22 01:14:08'),
(601, 15, 403, 29, '2024-02-22 01:14:08', '2024-02-22 01:14:08'),
(602, 15, 404, 30, '2024-02-22 01:14:08', '2024-02-22 01:14:08'),
(603, 15, 405, 31, '2024-02-22 01:14:08', '2024-02-22 01:14:08'),
(604, 15, 379, 32, '2024-02-22 01:14:08', '2024-02-22 01:14:08'),
(605, 15, 380, 33, '2024-02-22 01:14:08', '2024-02-22 01:14:08'),
(606, 15, 381, 34, '2024-02-22 01:14:08', '2024-02-22 01:14:08'),
(607, 15, 382, 35, '2024-02-22 01:14:08', '2024-02-22 01:14:08'),
(608, 15, 383, 36, '2024-02-22 01:14:08', '2024-02-22 01:14:08'),
(609, 15, 384, 37, '2024-02-22 01:14:08', '2024-02-22 01:14:08'),
(610, 15, 385, 38, '2024-02-22 01:14:08', '2024-02-22 01:14:08'),
(611, 15, 386, 39, '2024-02-22 01:14:08', '2024-02-22 01:14:08'),
(612, 15, 387, 40, '2024-02-22 01:14:08', '2024-02-22 01:14:08'),
(613, 15, 388, 41, '2024-02-22 01:14:08', '2024-02-22 01:14:08'),
(614, 15, 224, 42, '2024-02-22 01:14:08', '2024-02-22 01:14:08'),
(615, 15, 389, 43, '2024-02-22 01:14:08', '2024-02-22 01:14:08'),
(616, 16, 124, 0, '2024-02-22 01:14:20', '2024-02-22 01:14:20'),
(617, 16, 125, 1, '2024-02-22 01:14:20', '2024-02-22 01:14:20'),
(618, 16, 126, 2, '2024-02-22 01:14:20', '2024-02-22 01:14:20'),
(619, 16, 354, 3, '2024-02-22 01:14:20', '2024-02-22 01:14:20'),
(620, 16, 355, 4, '2024-02-22 01:14:20', '2024-02-22 01:14:20'),
(621, 16, 356, 5, '2024-02-22 01:14:20', '2024-02-22 01:14:20'),
(622, 16, 357, 6, '2024-02-22 01:14:20', '2024-02-22 01:14:20'),
(623, 16, 358, 7, '2024-02-22 01:14:20', '2024-02-22 01:14:20'),
(624, 16, 359, 8, '2024-02-22 01:14:20', '2024-02-22 01:14:20'),
(625, 16, 360, 9, '2024-02-22 01:14:20', '2024-02-22 01:14:20'),
(626, 16, 361, 10, '2024-02-22 01:14:20', '2024-02-22 01:14:20'),
(627, 16, 362, 11, '2024-02-22 01:14:20', '2024-02-22 01:14:20'),
(628, 16, 363, 12, '2024-02-22 01:14:20', '2024-02-22 01:14:20'),
(629, 16, 364, 13, '2024-02-22 01:14:20', '2024-02-22 01:14:20'),
(630, 16, 406, 14, '2024-02-22 01:14:20', '2024-02-22 01:14:20'),
(631, 16, 407, 15, '2024-02-22 01:14:20', '2024-02-22 01:14:20'),
(632, 16, 408, 16, '2024-02-22 01:14:21', '2024-02-22 01:14:21'),
(633, 16, 409, 17, '2024-02-22 01:14:21', '2024-02-22 01:14:21'),
(634, 16, 410, 18, '2024-02-22 01:14:21', '2024-02-22 01:14:21'),
(635, 16, 411, 19, '2024-02-22 01:14:21', '2024-02-22 01:14:21'),
(636, 16, 412, 20, '2024-02-22 01:14:21', '2024-02-22 01:14:21'),
(637, 16, 413, 21, '2024-02-22 01:14:21', '2024-02-22 01:14:21'),
(638, 16, 414, 22, '2024-02-22 01:14:22', '2024-02-22 01:14:22'),
(639, 16, 415, 23, '2024-02-22 01:14:22', '2024-02-22 01:14:22'),
(640, 16, 416, 24, '2024-02-22 01:14:22', '2024-02-22 01:14:22'),
(641, 16, 417, 25, '2024-02-22 01:14:22', '2024-02-22 01:14:22'),
(642, 16, 418, 26, '2024-02-22 01:14:22', '2024-02-22 01:14:22'),
(643, 16, 419, 27, '2024-02-22 01:14:22', '2024-02-22 01:14:22'),
(644, 16, 420, 28, '2024-02-22 01:14:23', '2024-02-22 01:14:23'),
(645, 16, 421, 29, '2024-02-22 01:14:23', '2024-02-22 01:14:23'),
(646, 16, 422, 30, '2024-02-22 01:14:23', '2024-02-22 01:14:23'),
(647, 16, 368, 31, '2024-02-22 01:14:23', '2024-02-22 01:14:23'),
(648, 16, 423, 32, '2024-02-22 01:14:23', '2024-02-22 01:14:23'),
(649, 16, 424, 33, '2024-02-22 01:14:23', '2024-02-22 01:14:23'),
(650, 16, 379, 34, '2024-02-22 01:14:23', '2024-02-22 01:14:23'),
(651, 16, 380, 35, '2024-02-22 01:14:23', '2024-02-22 01:14:23'),
(652, 16, 381, 36, '2024-02-22 01:14:23', '2024-02-22 01:14:23'),
(653, 16, 382, 37, '2024-02-22 01:14:23', '2024-02-22 01:14:23'),
(654, 16, 383, 38, '2024-02-22 01:14:23', '2024-02-22 01:14:23'),
(655, 16, 384, 39, '2024-02-22 01:14:23', '2024-02-22 01:14:23'),
(656, 16, 385, 40, '2024-02-22 01:14:23', '2024-02-22 01:14:23'),
(657, 16, 386, 41, '2024-02-22 01:14:23', '2024-02-22 01:14:23'),
(658, 16, 387, 42, '2024-02-22 01:14:23', '2024-02-22 01:14:23'),
(659, 16, 388, 43, '2024-02-22 01:14:23', '2024-02-22 01:14:23'),
(660, 16, 224, 44, '2024-02-22 01:14:23', '2024-02-22 01:14:23'),
(661, 16, 389, 45, '2024-02-22 01:14:23', '2024-02-22 01:14:23');

--
-- Volcado de datos para la tabla `stops`
--

INSERT INTO `stops` (`stop_id`, `osm_id`, `name`, `location`, `created_at`, `updated_at`) VALUES
(1, '6352116462', 'Puentecito (Unare)', 0x0000000001010000004216b36f38604fc011829f820d912040, '2024-02-22 01:08:01', '2024-02-22 01:08:01'),
(2, '5105255741', 'Puentecito (Unare)', 0x000000000101000000950ed6ff39604fc0be5b6ace0b912040, '2024-02-22 01:08:01', '2024-02-22 01:08:01'),
(3, '6352116461', 'La Suprema', 0x000000000101000000a678019b18604fc0eb49aa00298f2040, '2024-02-22 01:08:01', '2024-02-22 01:08:01'),
(4, '5106508647', 'La Suprema', 0x0000000001010000004c55dae21a604fc053df43d3238f2040, '2024-02-22 01:08:01', '2024-02-22 01:08:01'),
(5, '6352116459', 'Laboratorio', 0x000000000101000000d8a83ddb59604fc018b0e42a168f2040, '2024-02-22 01:08:02', '2024-02-22 01:08:02'),
(6, '6352116460', 'Laboratorio', 0x00000000010100000079a004ec59604fc03896c1621e8f2040, '2024-02-22 01:08:02', '2024-02-22 01:08:02'),
(7, '6352116457', 'Estadio de SIDOR', 0x000000000101000000b71f95078e604fc04f5ebfbbf08e2040, '2024-02-22 01:08:02', '2024-02-22 01:08:02'),
(8, '6352116458', 'Estadio de SIDOR', 0x000000000101000000640795b88e604fc09d4c37e4fa8e2040, '2024-02-22 01:08:02', '2024-02-22 01:08:02'),
(9, '6352116464', 'Biblo\'s', 0x000000000101000000a7f56d77c5604fc04c21eb048f8e2040, '2024-02-22 01:08:02', '2024-02-22 01:08:02'),
(10, '5105892240', 'Biblo\'s', 0x000000000101000000faab110bc6604fc0d8c92ab6938e2040, '2024-02-22 01:08:02', '2024-02-22 01:08:02'),
(11, '6352116455', 'Mercado', 0x0000000001010000009a907b5f01614fc0a7f74322238e2040, '2024-02-22 01:08:03', '2024-02-22 01:08:03'),
(12, '6352116456', 'Mercado', 0x00000000010100000064496f6e02614fc06cbaf9a12d8e2040, '2024-02-22 01:08:03', '2024-02-22 01:08:03'),
(13, '6352116454', 'La Técnica', 0x0000000001010000007207a0072d614fc0d771570adc8d2040, '2024-02-22 01:08:03', '2024-02-22 01:08:03'),
(14, '5323544418', 'La Técnica', 0x000000000101000000c58f31772d614fc038ff0af4e48d2040, '2024-02-22 01:08:03', '2024-02-22 01:08:03'),
(15, '6352116453', 'La Consolación', 0x00000000010100000037f3f5c65a614fc0f32c5272988d2040, '2024-02-22 01:08:03', '2024-02-22 01:08:03'),
(16, '6047267361', 'La Consolación', 0x00000000010100000048fc8a355c614fc0d4388a62a88d2040, '2024-02-22 01:08:03', '2024-02-22 01:08:03'),
(17, '6352116452', 'Farmacia', 0x000000000101000000d7d75f1b96614fc084b2953c438d2040, '2024-02-22 01:08:03', '2024-02-22 01:08:03'),
(18, '5323544419', 'Farmacia', 0x0000000001010000000cd17c2997614fc0da5548f9498d2040, '2024-02-22 01:08:04', '2024-02-22 01:08:04'),
(19, '6352116449', 'La Esquina Caliente (El Maracucho)', 0x0000000001010000002af7a7f9cf614fc0af528bd2ef8c2040, '2024-02-22 01:08:04', '2024-02-22 01:08:04'),
(20, '6352116451', 'La Esquina Caliente (El Maracucho)', 0x00000000010100000018ce35ccd0614fc0a3ad4a22fb8c2040, '2024-02-22 01:08:04', '2024-02-22 01:08:04'),
(21, '6352116450', 'La Esquina Caliente (Al cruzar)', 0x000000000101000000a3e0ce2ad8614fc0b2e8e797d28c2040, '2024-02-22 01:08:04', '2024-02-22 01:08:04'),
(22, '6352116448', 'La Esquina Caliente (Don Mimo)', 0x0000000001010000006cd2c842cf614fc02877442a318c2040, '2024-02-22 01:08:04', '2024-02-22 01:08:04'),
(23, '5105892244', 'La Esquina Caliente (Don Mimo)', 0x00000000010100000035f515ffd2614fc0234a7b832f8c2040, '2024-02-22 01:08:04', '2024-02-22 01:08:04'),
(24, '6352116447', 'Barrio Guayana', 0x000000000101000000289d4830d5614fc06519e258178b2040, '2024-02-22 01:08:05', '2024-02-22 01:08:05'),
(25, '5323544417', 'Barrio Guayana', 0x000000000101000000095053cbd6614fc096a9ee36148b2040, '2024-02-22 01:08:05', '2024-02-22 01:08:05'),
(26, '1496053194', 'Polideportivo / Kiosko', 0x0000000001010000007d8bf3dce7614fc0f3322f2c24892040, '2024-02-22 01:08:05', '2024-02-22 01:08:05'),
(27, '5108521452', 'Polideportivo / Kiosko', 0x00000000010100000070613832ea614fc09a9f765325892040, '2024-02-22 01:08:05', '2024-02-22 01:08:05'),
(28, '6352116445', 'Costa del Sol', 0x000000000101000000ddf58887e6614fc042a4f0ea66882040, '2024-02-22 01:08:05', '2024-02-22 01:08:05'),
(29, '6352116446', 'Costa del Sol', 0x00000000010100000036abe39de8614fc0bf7d1d3867882040, '2024-02-22 01:08:05', '2024-02-22 01:08:05'),
(30, '6352116444', 'Ventuari', 0x00000000010100000048cfe3e60a624fc0a34a83914d882040, '2024-02-22 01:08:06', '2024-02-22 01:08:06'),
(31, '5108038071', 'Ventuari', 0x00000000010100000030bb270f0b624fc0b0d9db7756882040, '2024-02-22 01:08:06', '2024-02-22 01:08:06'),
(32, '6352116443', 'Cruz Roja', 0x0000000001010000005c53c5f940624fc0a28b3cff2c882040, '2024-02-22 01:08:06', '2024-02-22 01:08:06'),
(33, '5108038072', 'Cruz Roja', 0x0000000001010000007a104c7f40624fc025a71bcd36882040, '2024-02-22 01:08:06', '2024-02-22 01:08:06'),
(34, '6352116442', 'Las Garzas', 0x0000000001010000008888f60c3c624fc0dcd9571ea4872040, '2024-02-22 01:08:06', '2024-02-22 01:08:06'),
(35, '5108038077', 'Las Garzas', 0x000000000101000000daf0aabd3e624fc00d22ad8ca1872040, '2024-02-22 01:08:06', '2024-02-22 01:08:06'),
(36, '6352116441', 'Farmatodo / Bomba', 0x000000000101000000cdabdff192624fc06c5b94d920872040, '2024-02-22 01:08:07', '2024-02-22 01:08:07'),
(37, '5323544415', 'Farmatodo / Bomba', 0x00000000010100000008f2a26593624fc085ac133c2a872040, '2024-02-22 01:08:07', '2024-02-22 01:08:07'),
(38, '6352116440', 'Plaza Atlántico', 0x000000000101000000cfefa07ebc624fc06d5a84bde4862040, '2024-02-22 01:08:07', '2024-02-22 01:08:07'),
(39, '5108038079', 'Plaza Atlántico', 0x000000000101000000b73709efbc624fc0d4ec269ded862040, '2024-02-22 01:08:07', '2024-02-22 01:08:07'),
(40, '6352116439', '1° de Lomas del Caroní', 0x0000000001010000004ddfc6c100634fc01282fa3b80862040, '2024-02-22 01:08:07', '2024-02-22 01:08:07'),
(41, '5108038081', '1° de Lomas del Caroní', 0x000000000101000000be9470d701634fc00ce2a8818b862040, '2024-02-22 01:08:07', '2024-02-22 01:08:07'),
(42, '6352116438', 'Lomas del Caroní', 0x0000000001010000009464c2d43b634fc093e1783e03862040, '2024-02-22 01:08:08', '2024-02-22 01:08:08'),
(43, '5138541478', 'Lomas del Caroní', 0x000000000101000000e19fadde3c634fc0a6e5513b0d862040, '2024-02-22 01:08:08', '2024-02-22 01:08:08'),
(44, '6352116437', 'Las Peonías', 0x000000000101000000bcc161b36d634fc098ab7a5457852040, '2024-02-22 01:08:08', '2024-02-22 01:08:08'),
(45, '5108038093', 'Las Peonías', 0x0000000001010000000f5e60fb6e634fc0c6dbeff55a852040, '2024-02-22 01:08:08', '2024-02-22 01:08:08'),
(46, '5126867695', '2° de Lomas del Caroní', 0x000000000101000000ed4cfcac8d634fc06a2a3009bc842040, '2024-02-22 01:08:08', '2024-02-22 01:08:08'),
(47, '5108038082', '2° de Lomas del Caroní', 0x00000000010100000040a143858f634fc002052857c2842040, '2024-02-22 01:08:08', '2024-02-22 01:08:08'),
(48, '6352116436', 'Terrazas del Atlántico', 0x000000000101000000c1feebdcb4634fc085718115f1832040, '2024-02-22 01:08:09', '2024-02-22 01:08:09'),
(49, '5108038084', 'Terrazas del Atlántico', 0x000000000101000000a95ac125b6634fc0cf520d56f7832040, '2024-02-22 01:08:09', '2024-02-22 01:08:09'),
(50, '6352116435', 'El Tiamo', 0x000000000101000000ed8d10d4df634fc0818d356d10832040, '2024-02-22 01:08:09', '2024-02-22 01:08:09'),
(51, '5108038087', 'El Tiamo', 0x000000000101000000216d8896e1634fc019f89b9a15832040, '2024-02-22 01:08:09', '2024-02-22 01:08:09'),
(52, '6352116434', 'Isla Dorada', 0x0000000001010000005a187d6022644fc0eab9e067b7812040, '2024-02-22 01:08:09', '2024-02-22 01:08:09'),
(53, '5108038089', 'Isla Dorada', 0x00000000010100000070c4a40925644fc045d2133bbf812040, '2024-02-22 01:08:09', '2024-02-22 01:08:09'),
(54, '5126868536', 'La Chicharronera', 0x000000000101000000007ca64d8b644fc0127a47d7967f2040, '2024-02-22 01:08:10', '2024-02-22 01:08:10'),
(55, '5153889799', 'La Chicharronera', 0x000000000101000000abe16c848f644fc067987f99947f2040, '2024-02-22 01:08:10', '2024-02-22 01:08:10'),
(56, '6352116433', 'Villa Bahía', 0x0000000001010000006c8dad0c4f654fc0e71e6d776a7d2040, '2024-02-22 01:08:10', '2024-02-22 01:08:10'),
(57, '5153889815', 'Los Aceites', 0x000000000101000000fbffdda74f654fc0546e47dd737d2040, '2024-02-22 01:08:10', '2024-02-22 01:08:10'),
(58, '6352116432', 'Villa Bahía', 0x000000000101000000a2d288997d654fc060f591a5207d2040, '2024-02-22 01:08:10', '2024-02-22 01:08:10'),
(59, '5153889784', 'El Patrón', 0x00000000010100000054bf77407e654fc0ea1560692a7d2040, '2024-02-22 01:08:10', '2024-02-22 01:08:10'),
(60, '6352116431', 'Villa Bahía', 0x000000000101000000a101abd9b9654fc044842458c17c2040, '2024-02-22 01:08:11', '2024-02-22 01:08:11'),
(61, '5153892362', 'Villa Bahía', 0x00000000010100000059f38876ba654fc07b7ebd67c97c2040, '2024-02-22 01:08:11', '2024-02-22 01:08:11'),
(62, '6352116430', 'Villa Bahía', 0x000000000101000000327c9f05fc654fc0af01b628587c2040, '2024-02-22 01:08:11', '2024-02-22 01:08:11'),
(63, '5153892324', 'Villa Bahía', 0x00000000010100000043cdebe3fc654fc06fdf5971607c2040, '2024-02-22 01:08:11', '2024-02-22 01:08:11'),
(64, '6352116426', 'Villa Bahía', 0x0000000001010000004b15d6d704664fc04aa1e2ee627c2040, '2024-02-22 01:08:11', '2024-02-22 01:08:11'),
(65, '5323544412', 'Villa Bahía', 0x0000000001010000006f7b270b04664fc012ec095c687c2040, '2024-02-22 01:08:11', '2024-02-22 01:08:11'),
(66, '6352116425', 'Riberas del Caroní', 0x0000000001010000003aebae473c664fc0728f00c9cf7d2040, '2024-02-22 01:08:12', '2024-02-22 01:08:12'),
(67, '6352116427', 'Riberas del Caroní', 0x0000000001010000001849168b3a664fc057636424d67d2040, '2024-02-22 01:08:12', '2024-02-22 01:08:12'),
(68, '6352116428', 'Sierra Parima', 0x0000000001010000002f4091ddbb664fc0288a462d83802040, '2024-02-22 01:08:12', '2024-02-22 01:08:12'),
(69, '5110215842', 'Sierra Parima', 0x000000000101000000bfbe315fb9664fc0432674f27d802040, '2024-02-22 01:08:12', '2024-02-22 01:08:12'),
(70, '6352116429', 'Sierra Parima', 0x0000000001010000009e31827cbf664fc0a708cb338a802040, '2024-02-22 01:08:12', '2024-02-22 01:08:12'),
(71, '5110215841', 'Sierra Parima', 0x000000000101000000914f7e41c1664fc07360de8893802040, '2024-02-22 01:08:12', '2024-02-22 01:08:12'),
(72, '6352116398', 'Bomberos (Unare)', 0x00000000010100000034d593f947604fc0029aad612b912040, '2024-02-22 01:09:03', '2024-02-22 01:09:03'),
(73, '5105255740', 'Bomberos (Unare)', 0x0000000001010000000b708b4347604fc054138e6a22912040, '2024-02-22 01:09:03', '2024-02-22 01:09:03'),
(74, '6352116399', 'Uchire', 0x000000000101000000f49e6fb0dc604fc01827beda51902040, '2024-02-22 01:09:03', '2024-02-22 01:09:03'),
(75, '5107677515', 'Uchire', 0x000000000101000000246bc317dc604fc0100de60a4a902040, '2024-02-22 01:09:03', '2024-02-22 01:09:03'),
(76, '6352116400', 'Mochima', 0x000000000101000000e37aca202d614fc0697baaf9e08f2040, '2024-02-22 01:09:04', '2024-02-22 01:09:04'),
(77, '5105892238', 'Mochima', 0x0000000001010000007940d9942b614fc08417d8bedb8f2040, '2024-02-22 01:09:04', '2024-02-22 01:09:04'),
(78, '6352116401', 'Koma', 0x0000000001010000003e2df5e27a614fc05bc75d29708f2040, '2024-02-22 01:09:04', '2024-02-22 01:09:04'),
(79, '5107677517', 'Koma', 0x000000000101000000fdb330557a614fc0422e2757678f2040, '2024-02-22 01:09:04', '2024-02-22 01:09:04'),
(80, '6352116402', 'Santo Tomé (Unare)', 0x00000000010100000010841a74f8614fc0b172c34a608e2040, '2024-02-22 01:09:04', '2024-02-22 01:09:04'),
(81, '5105892246', 'Santo Tomé (Unare)', 0x000000000101000000b78608eef6614fc09d6bf35a648e2040, '2024-02-22 01:09:04', '2024-02-22 01:09:04'),
(82, '6352116403', 'La Esquina Caliente', 0x000000000101000000d9c23de0cb614fc02c1f93d6298c2040, '2024-02-22 01:09:05', '2024-02-22 01:09:05'),
(83, '5105892243', 'La Esquina Caliente', 0x000000000101000000b1636d9dc9614fc06174d42c2b8c2040, '2024-02-22 01:09:05', '2024-02-22 01:09:05'),
(84, '6352116404', 'Barrio Guayana', 0x00000000010100000030b4df7fd0614fc08294336f308b2040, '2024-02-22 01:09:05', '2024-02-22 01:09:05'),
(85, '5323544416', 'Barrio Guayana', 0x000000000101000000f02ce68ccd614fc0c5330d2f2d8b2040, '2024-02-22 01:09:05', '2024-02-22 01:09:05'),
(86, '6352116405', 'Polideportidvo', 0x0000000001010000006228cc20e3614fc0d7eabcd75a892040, '2024-02-22 01:09:05', '2024-02-22 01:09:05'),
(87, '5108521451', 'Polideportivo', 0x000000000101000000da92b0cae0614fc041953f845d892040, '2024-02-22 01:09:05', '2024-02-22 01:09:05'),
(88, '6352116406', 'Costa del Sol', 0x000000000101000000c94164ecdf614fc0bd9af2d71a882040, '2024-02-22 01:09:06', '2024-02-22 01:09:06'),
(89, '5108038073', 'Costa del Sol', 0x000000000101000000a6e7829fdd614fc0869565e31c882040, '2024-02-22 01:09:06', '2024-02-22 01:09:06'),
(90, '6352116407', 'Las Garzas', 0x0000000001010000001aee6d4441624fc0f6d61b107c872040, '2024-02-22 01:09:06', '2024-02-22 01:09:06'),
(91, '5108038078', 'Las Garzas', 0x0000000001010000001f91007f42624fc0d738f64773872040, '2024-02-22 01:09:06', '2024-02-22 01:09:06'),
(92, '6352116408', 'Farmatodo', 0x000000000101000000aab69be09b624fc0f9f4d89601872040, '2024-02-22 01:09:06', '2024-02-22 01:09:06'),
(93, '5125071605', 'Farmatodo', 0x00000000010100000022bf23cf9a624fc06a5f8abcf6862040, '2024-02-22 01:09:07', '2024-02-22 01:09:07'),
(94, '6352116409', 'Plaza Atlántico', 0x0000000001010000009cbe43f6e6624fc066dafe9595862040, '2024-02-22 01:09:07', '2024-02-22 01:09:07'),
(95, '5108038080', 'Plaza Atlántico', 0x00000000010100000096d3f94be6624fc0b73302e08e862040, '2024-02-22 01:09:07', '2024-02-22 01:09:07'),
(96, '6352116410', 'Lomas del Caroní', 0x0000000001010000007d14bf7339634fc03ac14879f7852040, '2024-02-22 01:09:07', '2024-02-22 01:09:07'),
(97, '5138541477', 'Lomas del Caroní', 0x000000000101000000d2ea3fc637634fc0c06f8d19f2852040, '2024-02-22 01:09:07', '2024-02-22 01:09:07'),
(98, '6352116411', '2° de Lomas del Caroní', 0x000000000101000000e2900da48b634fc0fbed467aac842040, '2024-02-22 01:09:07', '2024-02-22 01:09:07'),
(99, '5108038083', '2° de Lomas del Caroní', 0x00000000010100000072f508da89634fc0d52a55fda5842040, '2024-02-22 01:09:08', '2024-02-22 01:09:08'),
(100, '6352116412', 'Terrazas del Atlántico', 0x000000000101000000c3c2a453b2634fc00833b78ce5832040, '2024-02-22 01:09:08', '2024-02-22 01:09:08'),
(101, '5108038085', 'Terrazas del Atlántico', 0x0000000001010000009abff858b0634fc0e7bc6b75de832040, '2024-02-22 01:09:08', '2024-02-22 01:09:08'),
(102, '6352116413', 'YaraYara', 0x0000000001010000002eabb019e0634fc0bd152e50f7822040, '2024-02-22 01:09:08', '2024-02-22 01:09:08'),
(103, '5108038086', 'YaraYara', 0x00000000010100000035d07ccedd634fc08016a64aef822040, '2024-02-22 01:09:08', '2024-02-22 01:09:08'),
(104, '6352116414', 'Santa Rosa', 0x0000000001010000004c022f8e25644fc0576d48ed8f812040, '2024-02-22 01:09:08', '2024-02-22 01:09:08'),
(105, '5108038088', 'Santa Rosa', 0x000000000101000000ee47e58123644fc0ba8d61a989812040, '2024-02-22 01:09:09', '2024-02-22 01:09:09'),
(106, '6352116415', 'La Chicharronera', 0x0000000001010000003c3833558b644fc018456a357f7f2040, '2024-02-22 01:09:09', '2024-02-22 01:09:09'),
(107, '5153889800', 'La Chicharronera', 0x000000000101000000baa706f588644fc050221d797b7f2040, '2024-02-22 01:09:09', '2024-02-22 01:09:09'),
(108, '6352116417', 'Villa Bahía', 0x0000000001010000006803b00111654fc02e26ec91bc7d2040, '2024-02-22 01:09:09', '2024-02-22 01:09:09'),
(109, '6352116416', 'Villa Bahía', 0x000000000101000000815f234910654fc00ff857eab47d2040, '2024-02-22 01:09:09', '2024-02-22 01:09:09'),
(110, '6352116418', 'Villa Bahía', 0x0000000001010000000fed084c4c654fc035fbf2b85e7d2040, '2024-02-22 01:09:09', '2024-02-22 01:09:09'),
(111, '5153889816', 'Los Aceites', 0x000000000101000000cee90d524b654fc0ebf18cc7567d2040, '2024-02-22 01:09:10', '2024-02-22 01:09:10'),
(112, '6352116419', 'Villa Bahía', 0x00000000010100000020e0ff7d7c654fc0c705b17d127d2040, '2024-02-22 01:09:10', '2024-02-22 01:09:10'),
(113, '5153889785', 'El Patrón', 0x0000000001010000004a7952cb7b654fc0cb3d6e090a7d2040, '2024-02-22 01:09:10', '2024-02-22 01:09:10'),
(114, '6352116420', 'Villa Bahía', 0x000000000101000000d6b848ebb9654fc0ab6c697fb17c2040, '2024-02-22 01:09:10', '2024-02-22 01:09:10'),
(115, '5153892363', 'Villa Bahía', 0x000000000101000000370f71bdb7654fc0fcc56cc9aa7c2040, '2024-02-22 01:09:10', '2024-02-22 01:09:10'),
(116, '6352116421', 'Villa Bahía', 0x0000000001010000000e1c8645fb654fc0f91807f2477c2040, '2024-02-22 01:09:10', '2024-02-22 01:09:10'),
(117, '5153892325', 'Villa Bahía', 0x00000000010100000039cf7ddef9654fc0b4644458437c2040, '2024-02-22 01:09:11', '2024-02-22 01:09:11'),
(118, '6352116422', 'Riberas del Caroní', 0x000000000101000000d4d74eef3d664fc0f7d8a72dbf7d2040, '2024-02-22 01:09:11', '2024-02-22 01:09:11'),
(119, '5323544413', 'Riberas del Caroní', 0x000000000101000000271829ef3e664fc09c30067bb87d2040, '2024-02-22 01:09:11', '2024-02-22 01:09:11'),
(120, '6352116423', 'Villa Betania', 0x00000000010100000052f98d65b0664fc0a00898af817f2040, '2024-02-22 01:09:11', '2024-02-22 01:09:11'),
(121, '5323544414', 'Villa Betania', 0x000000000101000000db1e189bb1664fc0b5e78dee7b7f2040, '2024-02-22 01:09:11', '2024-02-22 01:09:11'),
(122, '8364085932', 'Tu Cosmético', 0x000000000101000000a9e5bd20d8614fc08a31fa1bfe8c2040, '2024-02-22 01:09:11', '2024-02-22 01:09:11'),
(123, '8364085929', 'Tu Cosmético', 0x0000000001010000000fb16609d7614fc0e789e76c018d2040, '2024-02-22 01:09:12', '2024-02-22 01:09:12'),
(124, '5102142149', 'Centro Zulia', 0x000000000101000000a3998290875d4fc001c5234cac972040, '2024-02-22 01:09:49', '2024-02-22 01:09:49'),
(125, '5105035556', 'Mamy', 0x000000000101000000d1ce6916685d4fc0321180c9d7972040, '2024-02-22 01:09:49', '2024-02-22 01:09:49'),
(126, '5102142150', 'Graffiti', 0x000000000101000000c28c8411565d4fc0bfaac486b8972040, '2024-02-22 01:09:50', '2024-02-22 01:09:50'),
(127, '5098294174', 'Torre Caura', 0x000000000101000000206926ce405d4fc0c59e8724c4962040, '2024-02-22 01:09:50', '2024-02-22 01:09:50'),
(128, '6354559408', 'Naraya', 0x0000000001010000004eec46c4395d4fc08057152bb4952040, '2024-02-22 01:09:50', '2024-02-22 01:09:50'),
(129, '5099565271', 'Jardín Levante', 0x00000000010100000050be45cc915d4fc06f511cf631952040, '2024-02-22 01:09:50', '2024-02-22 01:09:50'),
(130, '5099565272', 'Jardín Levante', 0x0000000001010000007f7676e8aa5d4fc034805c870f952040, '2024-02-22 01:09:50', '2024-02-22 01:09:50'),
(131, '5099565275', 'Jardín Levante', 0x000000000101000000a85d02a6c25d4fc01658b6c5eb942040, '2024-02-22 01:09:50', '2024-02-22 01:09:50'),
(132, '6354559402', 'Wendy\'s', 0x0000000001010000002211644ee15d4fc09caf4802c3942040, '2024-02-22 01:09:51', '2024-02-22 01:09:51'),
(133, '5102142148', 'Uyapar', 0x00000000010100000032bfe4901e5e4fc002bc60cb86942040, '2024-02-22 01:09:51', '2024-02-22 01:09:51'),
(134, '6354559399', 'Villa Roberto', 0x0000000001010000004907358d375f4fc0625e91a9cc922040, '2024-02-22 01:09:51', '2024-02-22 01:09:51'),
(135, '1458805174', 'Colinas de Unare', 0x00000000010100000005696be9765f4fc0d05499733a922040, '2024-02-22 01:09:51', '2024-02-22 01:09:51'),
(136, '5103221191', 'Colinas de Unare', 0x000000000101000000fb84a22f735f4fc0ef8d210038922040, '2024-02-22 01:09:51', '2024-02-22 01:09:51'),
(137, '6354559448', 'Bomberos (Unare)', 0x000000000101000000049b296332604fc0569f06674b912040, '2024-02-22 01:09:51', '2024-02-22 01:09:51'),
(138, '5105255739', 'Bomberos (Unare)', 0x000000000101000000b8ad2d3c2f604fc09a16067646912040, '2024-02-22 01:09:51', '2024-02-22 01:09:51'),
(139, '6354559449', 'Santo Tomé (Unare)', 0x000000000101000000d2c19f8614624fc0940a7437998e2040, '2024-02-22 01:09:52', '2024-02-22 01:09:52'),
(140, '5105892247', 'Santo Tomé (Unare)', 0x000000000101000000974dcaee13624fc0bc60cb86908e2040, '2024-02-22 01:09:52', '2024-02-22 01:09:52'),
(141, '6354559450', 'Blindados', 0x0000000001010000006ef9484a7a624fc007e68d38098e2040, '2024-02-22 01:09:52', '2024-02-22 01:09:52'),
(142, '6047267358', 'Blindados', 0x00000000010100000098929b9779624fc035b1659e018e2040, '2024-02-22 01:09:52', '2024-02-22 01:09:52'),
(143, '6354559451', 'BOD', 0x000000000101000000b818a831c6624fc01a80b2ce9d8d2040, '2024-02-22 01:09:52', '2024-02-22 01:09:52'),
(144, '6047267359', 'BOD', 0x000000000101000000360c7acac5624fc0a633e664988d2040, '2024-02-22 01:09:53', '2024-02-22 01:09:53'),
(145, '6354559452', 'La Piña', 0x0000000001010000009e95b4e21b634fc0b800d990248d2040, '2024-02-22 01:09:53', '2024-02-22 01:09:53'),
(146, '5105892252', 'La Piña', 0x0000000001010000005d92b9e81a634fc08de843bc1a8d2040, '2024-02-22 01:09:53', '2024-02-22 01:09:53'),
(147, '6354559453', 'La Piña', 0x000000000101000000baf9a12d42634fc092110654ee8c2040, '2024-02-22 01:09:53', '2024-02-22 01:09:53'),
(148, '5105892251', 'La Piña', 0x0000000001010000004f5d54e641634fc0bc5f60b1e18c2040, '2024-02-22 01:09:53', '2024-02-22 01:09:53'),
(149, '5137405574', '1° de El Guamo', 0x000000000101000000254dcd2f94634fc0fcec365e708c2040, '2024-02-22 01:09:53', '2024-02-22 01:09:53'),
(150, '5110215845', '1° de El Guamo', 0x0000000001010000008bbc51d092634fc0b29b19fd688c2040, '2024-02-22 01:09:54', '2024-02-22 01:09:54'),
(151, '1225631238', '2° de El Guamo', 0x000000000101000000b8dfebb5ea634fc000f8f1e1a38b2040, '2024-02-22 01:09:54', '2024-02-22 01:09:54'),
(152, '5110215844', '2° de El Guamo', 0x000000000101000000472a42a0e9634fc07b04edc49b8b2040, '2024-02-22 01:09:54', '2024-02-22 01:09:54'),
(153, '6354559454', 'Caujaro / Gran Sabana', 0x000000000101000000c72de6e786644fc0ac13e17030892040, '2024-02-22 01:09:54', '2024-02-22 01:09:54'),
(154, '4092010577', 'Caujaro / Gran Sabana', 0x000000000101000000bc57529385644fc0aafef79628892040, '2024-02-22 01:09:54', '2024-02-22 01:09:54'),
(155, '6354559455', 'Loma Linda', 0x0000000001010000004c0ae2f20e654fc0e0e12cdb3d872040, '2024-02-22 01:09:54', '2024-02-22 01:09:54'),
(156, '5110215843', 'Loma Linda', 0x00000000010100000076bdd98b0d654fc0cd4de5fe34872040, '2024-02-22 01:09:55', '2024-02-22 01:09:55'),
(157, '6354559456', 'El Caimito', 0x00000000010100000017a3096f6a654fc0e23e726bd2852040, '2024-02-22 01:09:55', '2024-02-22 01:09:55'),
(158, '5133944124', 'El Caimito', 0x00000000010100000012bef73768654fc09dd26641cd852040, '2024-02-22 01:09:55', '2024-02-22 01:09:55'),
(159, '6354559457', 'Monte Carmelo', 0x0000000001010000005e0e6036a6654fc08175c185e1842040, '2024-02-22 01:09:55', '2024-02-22 01:09:55'),
(160, '5110215839', 'Monte Carmelo', 0x000000000101000000be78f5e0a4654fc055f59782da842040, '2024-02-22 01:09:55', '2024-02-22 01:09:55'),
(161, '6354559458', 'Paraitepuy', 0x000000000101000000be6a65c22f664fc06709d748b7822040, '2024-02-22 01:09:55', '2024-02-22 01:09:55'),
(162, '5152730380', 'Paraitepuy', 0x0000000001010000003617c9682e664fc0fb496bc2ac822040, '2024-02-22 01:09:56', '2024-02-22 01:09:56'),
(163, '6354559418', 'Villa Ikabarú', 0x000000000101000000a4e8dc4834664fc07dfdb561b9822040, '2024-02-22 01:10:21', '2024-02-22 01:10:21'),
(164, '5152730381', 'Villa Ikabarú', 0x000000000101000000bb80971936664fc0e904d957c3822040, '2024-02-22 01:10:21', '2024-02-22 01:10:21'),
(165, '6354559419', 'Monte Carmelo', 0x00000000010100000062d9cc21a9654fc03a765089eb842040, '2024-02-22 01:10:21', '2024-02-22 01:10:21'),
(166, '6354559420', 'Monte Carmelo', 0x000000000101000000baea4b80ab654fc078bd8ffef2842040, '2024-02-22 01:10:21', '2024-02-22 01:10:21'),
(167, '6354559421', 'El Caimito', 0x000000000101000000f7e406e863654fc070534d5a02862040, '2024-02-22 01:10:22', '2024-02-22 01:10:22'),
(168, '5133944123', 'El Caimito', 0x000000000101000000de825b2d66654fc096ce876709862040, '2024-02-22 01:10:22', '2024-02-22 01:10:22'),
(169, '6354559422', 'Loma Linda', 0x0000000001010000001ad6f95c12654fc01e7123c044872040, '2024-02-22 01:10:22', '2024-02-22 01:10:22'),
(170, '5133943693', 'Loma Linda', 0x0000000001010000006db477a114654fc06732d2414d872040, '2024-02-22 01:10:22', '2024-02-22 01:10:22'),
(171, '6354559423', 'Disgreca / Gran Sabana', 0x00000000010100000037e6d07d94644fc010da61026d892040, '2024-02-22 01:10:22', '2024-02-22 01:10:22'),
(172, '4200268196', 'Disgreca / Gran Sabana', 0x000000000101000000a725b1ff95644fc0ee601ff873892040, '2024-02-22 01:10:22', '2024-02-22 01:10:22'),
(173, '6354559424', '2° de El Guamo', 0x0000000001010000009ed32cd0ee634fc079b93e62aa8b2040, '2024-02-22 01:10:22', '2024-02-22 01:10:22'),
(174, '1703637568', '2° de El Guamo', 0x00000000010100000073203537f0634fc0f0f219f5b58b2040, '2024-02-22 01:10:23', '2024-02-22 01:10:23'),
(175, '6354559425', '1° de El Guamo', 0x000000000101000000840d4faf94634fc0fac962ac808c2040, '2024-02-22 01:10:23', '2024-02-22 01:10:23'),
(176, '1703637554', '1° de El Guamo', 0x0000000001010000002bc24d4695634fc0b3caf1af8a8c2040, '2024-02-22 01:10:23', '2024-02-22 01:10:23'),
(177, '6354559426', 'La Piña', 0x0000000001010000004e092d9045634fc0b0d705cdf88c2040, '2024-02-22 01:10:23', '2024-02-22 01:10:23'),
(178, '5105892250', 'La Piña', 0x000000000101000000897d022846634fc02e5e87c5038d2040, '2024-02-22 01:10:23', '2024-02-22 01:10:23'),
(179, '6354559427', 'La Piña', 0x0000000001010000007ae7ab3f1d634fc0d5a6fb4a318d2040, '2024-02-22 01:10:23', '2024-02-22 01:10:23'),
(180, '5105892249', 'La Piña', 0x000000000101000000f71cfdd41d634fc0643c4a253c8d2040, '2024-02-22 01:10:24', '2024-02-22 01:10:24'),
(181, '6354559428', 'BOD', 0x0000000001010000009662a29cc3624fc0294cce3fb08d2040, '2024-02-22 01:10:24', '2024-02-22 01:10:24'),
(182, '6047267360', 'BOD', 0x000000000101000000bf3d74e6c3624fc06b30687cba8d2040, '2024-02-22 01:10:24', '2024-02-22 01:10:24'),
(183, '6354559429', 'Blindados', 0x0000000001010000005eb7add282624fc07cc2c8810d8e2040, '2024-02-22 01:10:24', '2024-02-22 01:10:24'),
(184, '6047267357', 'Blindados', 0x000000000101000000a563737a83624fc029e1534a198e2040, '2024-02-22 01:10:24', '2024-02-22 01:10:24'),
(185, '6354559430', 'Santo Tomé (Unare)', 0x0000000001010000009619805715624fc0afb893e3a98e2040, '2024-02-22 01:10:24', '2024-02-22 01:10:24'),
(186, '5105892248', 'Santo Tomé (Unare)', 0x000000000101000000bf5076e915624fc0a3cb9bc3b58e2040, '2024-02-22 01:10:25', '2024-02-22 01:10:25'),
(187, '6354559431', 'Koma', 0x000000000101000000bce7c07284614fc06f5ba505798f2040, '2024-02-22 01:10:25', '2024-02-22 01:10:25'),
(188, '5107677518', 'Koma', 0x000000000101000000152d8a6885614fc05c210780858f2040, '2024-02-22 01:10:25', '2024-02-22 01:10:25'),
(189, '6354559432', 'Mochima', 0x00000000010100000066f50eb743614fc09f437463d58f2040, '2024-02-22 01:10:25', '2024-02-22 01:10:25'),
(190, '5105905782', 'Mochima', 0x000000000101000000d1ed804644614fc0feb04a8ee08f2040, '2024-02-22 01:10:25', '2024-02-22 01:10:25'),
(191, '6354559433', 'Uchire', 0x000000000101000000519841c6ed604fc0f52801d64f902040, '2024-02-22 01:10:26', '2024-02-22 01:10:26'),
(192, '5107677516', 'Uchire', 0x00000000010100000033dbba40ee604fc0fcb26ac658902040, '2024-02-22 01:10:26', '2024-02-22 01:10:26'),
(193, '6354559466', 'Bomberos (Unare)', 0x00000000010100000057f5a8ae32604fc07e5704ff5b912040, '2024-02-22 01:10:26', '2024-02-22 01:10:26'),
(194, '5105830892', 'Bomberos (Unare)', 0x00000000010100000068a219d533604fc0319b5b7c65912040, '2024-02-22 01:10:26', '2024-02-22 01:10:26'),
(195, '6354559416', 'PDVSA', 0x000000000101000000ebcfd95dfb5f4fc0541fa397ac912040, '2024-02-22 01:10:26', '2024-02-22 01:10:26'),
(196, '6354559417', 'PDVSA', 0x000000000101000000afcb95e6fb5f4fc0d7625c16b8912040, '2024-02-22 01:10:26', '2024-02-22 01:10:26'),
(197, '5103221189', 'Terminal', 0x0000000001010000000d5b69087d5f4fc05bc75d2970932040, '2024-02-22 01:10:27', '2024-02-22 01:10:27'),
(198, '5102214566', 'Orinokia Escaleras', 0x00000000010100000095ede824005f4fc07e90c07a37952040, '2024-02-22 01:10:27', '2024-02-22 01:10:27'),
(199, '5102142145', 'Orinokia Monumental', 0x000000000101000000a64984a1695e4fc090f9804067962040, '2024-02-22 01:10:27', '2024-02-22 01:10:27'),
(200, '6354559438', 'Macro Centro', 0x000000000101000000e9fb5f64b85d4fc0fc11d08e65972040, '2024-02-22 01:10:27', '2024-02-22 01:10:27'),
(201, '5110215846', 'Plaza del Hierro', 0x0000000001010000004afbd5d2925d4fc0fa6b68b922972040, '2024-02-22 01:10:27', '2024-02-22 01:10:27'),
(202, '6354559464', 'Bomberos (Unare)', 0x000000000101000000834a010e46604fc0cd565ef23f912040, '2024-02-22 01:10:55', '2024-02-22 01:10:55'),
(203, '6354559467', 'Bomberos (Unare)', 0x0000000001010000005f5a796e46604fc0681e65694c912040, '2024-02-22 01:10:55', '2024-02-22 01:10:55'),
(204, '6354559465', 'Bomberos (Unare)', 0x000000000101000000b676ecb13e604fc0eaee95d464912040, '2024-02-22 01:10:55', '2024-02-22 01:10:55'),
(205, '6354559468', 'Bomberos (Unare)', 0x0000000001010000002c2b4d4a41604fc038c0273163912040, '2024-02-22 01:10:55', '2024-02-22 01:10:55'),
(206, '6354559434', 'Bomberos', 0x00000000010100000084a4aa645b604fc0174e2db6a4922040, '2024-02-22 01:10:56', '2024-02-22 01:10:56'),
(207, '5161960906', 'Bomberos', 0x000000000101000000b8c5a1235e604fc08f8aff3ba2922040, '2024-02-22 01:10:56', '2024-02-22 01:10:56'),
(208, '6354559435', 'Bomberos', 0x0000000001010000008021f5e857604fc01e2f490ad1922040, '2024-02-22 01:10:56', '2024-02-22 01:10:56'),
(209, '5106361219', 'Bomberos', 0x000000000101000000c743842458604fc086e1c8a8d7922040, '2024-02-22 01:10:56', '2024-02-22 01:10:56'),
(210, '6354559441', 'Torre Nekuima', 0x000000000101000000a1f2afe5955d4fc039211917b3962040, '2024-02-22 01:11:01', '2024-02-22 01:11:01'),
(211, '5100872464', 'Torre Colón', 0x0000000001010000006671b504cf5d4fc0ecccf39661962040, '2024-02-22 01:11:02', '2024-02-22 01:11:02'),
(212, '6354559444', 'McDonald\'s', 0x0000000001010000001de56036015e4fc0a64aef7618962040, '2024-02-22 01:11:02', '2024-02-22 01:11:02'),
(213, '5105035555', 'Plaza Monumental', 0x000000000101000000cd340642575e4fc0c6617a0ca0952040, '2024-02-22 01:11:02', '2024-02-22 01:11:02'),
(214, '5102214567', 'Orinokia Escaleras', 0x000000000101000000c70270fd055f4fc078da75cafe942040, '2024-02-22 01:11:02', '2024-02-22 01:11:02'),
(215, '5103221188', 'Terminal', 0x00000000010100000061c614ac715f4fc0ea0203ad65932040, '2024-02-22 01:11:02', '2024-02-22 01:11:02'),
(216, '6354559462', 'Las Garzas', 0x000000000101000000443cc8a134624fc0c8b5a1629c872040, '2024-02-22 01:11:03', '2024-02-22 01:11:03'),
(217, '6354559461', 'Las Garzas', 0x000000000101000000af905e7935624fc06ecf3d35a8872040, '2024-02-22 01:11:03', '2024-02-22 01:11:03'),
(218, '5108012730', 'Costa del Sol', 0x000000000101000000686f3a13e4614fc08fcf1a7222882040, '2024-02-22 01:11:03', '2024-02-22 01:11:03'),
(219, '6354559463', 'Costa del Sol', 0x00000000010100000042bbf9fce6614fc02a0aaafc21882040, '2024-02-22 01:11:04', '2024-02-22 01:11:04'),
(220, '5103221190', 'Terminal', 0x000000000101000000ea6c12cd4d5f4fc0e8efef7dbb922040, '2024-02-22 01:11:04', '2024-02-22 01:11:04'),
(221, '5110223588', 'Uyapar', 0x00000000010100000060ef5932225e4fc00fb16609d7942040, '2024-02-22 01:11:04', '2024-02-22 01:11:04'),
(222, '6354559472', 'Farmatodo', 0x0000000001010000007c54b252f75d4fc00e6abfb513952040, '2024-02-22 01:11:04', '2024-02-22 01:11:04'),
(223, '6354559473', 'Wendy\'s', 0x000000000101000000d2b71677cd5d4fc0d18030a64f952040, '2024-02-22 01:11:04', '2024-02-22 01:11:04'),
(224, '5099565270', 'Torre Nekuima', 0x000000000101000000f0facc599f5d4fc07892191472962040, '2024-02-22 01:11:05', '2024-02-22 01:11:05'),
(225, '5099527355', 'Macro Centro', 0x000000000101000000aa5db818a85d4fc0f668609ad8962040, '2024-02-22 01:11:05', '2024-02-22 01:11:05'),
(226, '6354818513', 'Villa Bahía', 0x000000000101000000e92807b309664fc0b15a4f63317c2040, '2024-02-22 01:11:09', '2024-02-22 01:11:09'),
(227, '6354818514', 'Villa Bahía', 0x0000000001010000008a3a730f09664fc0aad0e572287c2040, '2024-02-22 01:11:09', '2024-02-22 01:11:09'),
(228, '5153912178', 'Riberas del Caroní', 0x00000000010100000036806db367664fc084656ce8667b2040, '2024-02-22 01:11:10', '2024-02-22 01:11:10'),
(229, '6354818499', 'Riberas del Caroní', 0x0000000001010000002577d84466664fc07bbb2539607b2040, '2024-02-22 01:11:10', '2024-02-22 01:11:10'),
(230, '6354818532', 'La Paragua', 0x000000000101000000521be61599664fc0aecd6b91597a2040, '2024-02-22 01:11:10', '2024-02-22 01:11:10'),
(231, '6354818535', 'La Paragua', 0x00000000010100000089682a7a96664fc0e0a52fdf557a2040, '2024-02-22 01:11:11', '2024-02-22 01:11:11'),
(232, '6354818530', 'Villa Upata', 0x000000000101000000c5909c4cdc664fc02473767cc5782040, '2024-02-22 01:11:11', '2024-02-22 01:11:11'),
(233, '6354818531', 'Villa Upata', 0x000000000101000000f67ccd72d9664fc005d550b4bc782040, '2024-02-22 01:11:11', '2024-02-22 01:11:11'),
(234, '6354818526', 'Altos del Caroní', 0x00000000010100000066a19dd32c674fc0aca4ba25de762040, '2024-02-22 01:11:12', '2024-02-22 01:11:12'),
(235, '6354818527', 'Altos del Caroní', 0x0000000001010000005be5aeca2a674fc061eb0896d9762040, '2024-02-22 01:11:12', '2024-02-22 01:11:12'),
(236, '6354818522', 'Parque Canaima', 0x00000000010100000006178623a3674fc0fa997add22742040, '2024-02-22 01:11:12', '2024-02-22 01:11:12'),
(237, '6354818525', 'Parque Canaima', 0x000000000101000000492c29779f674fc0b19014ec1a742040, '2024-02-22 01:11:13', '2024-02-22 01:11:13'),
(238, '6354818515', 'Villa Jade', 0x000000000101000000dba337dc47684fc0ff4f0f1b76712040, '2024-02-22 01:11:13', '2024-02-22 01:11:13'),
(239, '6354818518', 'Villa Jade', 0x0000000001010000009b30abc145684fc0658808a469712040, '2024-02-22 01:11:13', '2024-02-22 01:11:13'),
(240, '5153918694', 'Villa Jade', 0x00000000010100000099db18969a684fc04799c3a4ae6f2040, '2024-02-22 01:11:14', '2024-02-22 01:11:14'),
(241, '6354818520', 'Villa Jade', 0x000000000101000000254795bc95684fc0d6390664af6f2040, '2024-02-22 01:11:14', '2024-02-22 01:11:14'),
(242, '6354818519', 'Villa Jade', 0x000000000101000000dfc325c79d684fc072f90fe9b76f2040, '2024-02-22 01:11:31', '2024-02-22 01:11:31'),
(243, '6354818521', 'Villa Jade', 0x000000000101000000c0b8af5ea0684fc09fc1f05bbe6f2040, '2024-02-22 01:11:31', '2024-02-22 01:11:31'),
(244, '6354818516', 'Villa Jade', 0x0000000001010000001e0fc70446684fc07b432b4190712040, '2024-02-22 01:11:32', '2024-02-22 01:11:32'),
(245, '6354818517', 'Villa Jade', 0x0000000001010000002398b4f347684fc03f2ebb719c712040, '2024-02-22 01:11:32', '2024-02-22 01:11:32'),
(246, '6354818523', 'Parque Canaima', 0x0000000001010000004fa7e1009f674fc0ae7c3b2e4f742040, '2024-02-22 01:11:32', '2024-02-22 01:11:32'),
(247, '6354818524', 'Parque Canaima', 0x00000000010100000096dddd14a0674fc09a2db4ce53742040, '2024-02-22 01:11:32', '2024-02-22 01:11:32'),
(248, '5153912162', 'Altos del Caroní', 0x0000000001010000005eec623f30674fc0dee11bafe5762040, '2024-02-22 01:11:32', '2024-02-22 01:11:32'),
(249, '6354818528', 'Altos del Caroní', 0x00000000010100000016623fd532674fc06b1aca3fe9762040, '2024-02-22 01:11:32', '2024-02-22 01:11:32'),
(250, '6354818537', 'Villa Upata', 0x0000000001010000001bbe8575e3664fc02c9b3924b5782040, '2024-02-22 01:11:33', '2024-02-22 01:11:33'),
(251, '6354818538', 'Villa Upata', 0x0000000001010000006030c912e7664fc030a8250cb9782040, '2024-02-22 01:11:33', '2024-02-22 01:11:33'),
(252, '6354818534', 'La Paragua', 0x000000000101000000bb01b04b9e664fc0752387e3547a2040, '2024-02-22 01:11:33', '2024-02-22 01:11:33'),
(253, '6354818536', 'La Paragua', 0x00000000010100000061264003a0664fc0b3b27dc85b7a2040, '2024-02-22 01:11:33', '2024-02-22 01:11:33'),
(254, '1514844433', 'Riberas del Caroní', 0x000000000101000000a4dbb7ff6d664fc0bc1a457b617b2040, '2024-02-22 01:11:33', '2024-02-22 01:11:33'),
(255, '6354818539', 'Riberas del Caroní', 0x000000000101000000af4fef9870664fc0906f4ad4667b2040, '2024-02-22 01:11:33', '2024-02-22 01:11:33'),
(256, '6354818502', 'Villa Bahía', 0x00000000010100000000b0952b17664fc06c5ed5592d7c2040, '2024-02-22 01:11:33', '2024-02-22 01:11:33'),
(257, '6354818512', 'Villa Bahía', 0x00000000010100000036ddfcd016664fc08dc92c8c3e7c2040, '2024-02-22 01:11:34', '2024-02-22 01:11:34'),
(258, '6354818543', 'Puentecito (Unare)', 0x0000000001010000003860fcd934604fc0ebb3b92011912040, '2024-02-22 01:11:50', '2024-02-22 01:11:50'),
(259, '5111996533', 'Puentecito (Unare)', 0x00000000010100000021808a9933604fc0f0085d7814912040, '2024-02-22 01:11:50', '2024-02-22 01:11:50'),
(260, '6354818544', 'Santísima', 0x0000000001010000005cb45b261e604fc07c838a0519902040, '2024-02-22 01:11:50', '2024-02-22 01:11:50'),
(261, '6354818547', 'Santísima', 0x000000000101000000f764b4441d604fc05c72dc291d902040, '2024-02-22 01:11:51', '2024-02-22 01:11:51'),
(262, '6354818548', 'La Suprema', 0x000000000101000000133b641415604fc05c61b0d1288f2040, '2024-02-22 01:11:51', '2024-02-22 01:11:51'),
(263, '6354818549', 'La Suprema', 0x0000000001010000006e92d56311604fc0a3c5be092a8f2040, '2024-02-22 01:11:51', '2024-02-22 01:11:51'),
(264, '6354818551', 'Unare I', 0x000000000101000000d237691a14604fc0b87eb042808e2040, '2024-02-22 01:11:51', '2024-02-22 01:11:51'),
(265, '5106508650', 'Unare I', 0x00000000010100000008c72c7b12604fc0899eef02808e2040, '2024-02-22 01:11:51', '2024-02-22 01:11:51'),
(266, '6354818553', 'Yocoima', 0x0000000001010000007a54fcdf11604fc0752b3a483e8d2040, '2024-02-22 01:11:51', '2024-02-22 01:11:51'),
(267, '6354818555', 'Yocoima', 0x000000000101000000e00b38f00f604fc0752b3a483e8d2040, '2024-02-22 01:11:52', '2024-02-22 01:11:52'),
(268, '6354818559', 'Río Aro', 0x00000000010100000004650921d65f4fc057d7570d788b2040, '2024-02-22 01:11:52', '2024-02-22 01:11:52'),
(269, '5111996535', 'Río Aro', 0x000000000101000000289d4830d55f4fc0d5ed47e5818b2040, '2024-02-22 01:11:52', '2024-02-22 01:11:52'),
(270, '6354818560', 'Las Cúpulas', 0x00000000010100000048799c58965f4fc0ad133c2aa38a2040, '2024-02-22 01:11:52', '2024-02-22 01:11:52'),
(271, '6354818563', 'Las Cúpulas', 0x000000000101000000fbe18c06955f4fc092770e65a88a2040, '2024-02-22 01:11:52', '2024-02-22 01:11:52'),
(272, '5111837440', 'Los Bucares', 0x000000000101000000fe66bd73835f4fc07e2b233f2c892040, '2024-02-22 01:11:52', '2024-02-22 01:11:52'),
(273, '5111882370', 'Los Bucares', 0x0000000001010000005357e311815f4fc0614f3bfc35892040, '2024-02-22 01:11:53', '2024-02-22 01:11:53'),
(274, '6354818565', 'Río Negro', 0x000000000101000000bae303f1705f4fc0c960206349882040, '2024-02-22 01:11:53', '2024-02-22 01:11:53'),
(275, '5111996537', 'Río Negro', 0x000000000101000000b0b783c76d5f4fc01f4c8a8f4f882040, '2024-02-22 01:11:53', '2024-02-22 01:11:53'),
(276, '6354818567', 'Terrazas del Caroní', 0x000000000101000000c3047f09265f4fc0ad4ece50dc852040, '2024-02-22 01:11:53', '2024-02-22 01:11:53'),
(277, '5111945475', 'Terrazas del Caroní', 0x000000000101000000c4dca458245f4fc009afb893e3852040, '2024-02-22 01:11:54', '2024-02-22 01:11:54'),
(278, '5111977594', 'Terrazas del Aluminio', 0x00000000010100000043da102dc35e4fc08fa67a32ff842040, '2024-02-22 01:11:54', '2024-02-22 01:11:54'),
(279, '5111987824', 'Terrazas del Aluminio', 0x000000000101000000d252793bc25e4fc05c1e6b4606852040, '2024-02-22 01:11:54', '2024-02-22 01:11:54'),
(280, '6354818540', 'Minifincas', 0x000000000101000000dd8a0e924f5e4fc04e8de1fb2c842040, '2024-02-22 01:11:54', '2024-02-22 01:11:54'),
(281, '6354818542', 'Minifincas', 0x0000000001010000003147ea984e5e4fc0fb3bdba337842040, '2024-02-22 01:11:54', '2024-02-22 01:11:54'),
(282, '6354818541', 'Minifincas', 0x000000000101000000b3f1bb44505e4fc06b2112cf23842040, '2024-02-22 01:12:19', '2024-02-22 01:12:19'),
(283, '6354818569', 'Terrazas del Aluminio', 0x00000000010100000068d0d03fc15e4fc0100b1060ec842040, '2024-02-22 01:12:19', '2024-02-22 01:12:19'),
(284, '5111987823', 'Terrazas del Aluminio', 0x0000000001010000007364e597c15e4fc05cc7b8e2e2842040, '2024-02-22 01:12:19', '2024-02-22 01:12:19'),
(285, '6354818568', 'Terrazas del Caroní', 0x000000000101000000cdba359f295f4fc0503e986fd8852040, '2024-02-22 01:12:20', '2024-02-22 01:12:20'),
(286, '5111945476', 'Terrazas del Caroní', 0x000000000101000000612c1dbd2b5f4fc0515e752ed6852040, '2024-02-22 01:12:20', '2024-02-22 01:12:20'),
(287, '6354818566', 'Río Negro', 0x00000000010100000018c627ae745f4fc0771211fe45882040, '2024-02-22 01:12:20', '2024-02-22 01:12:20'),
(288, '6354818564', 'Los Bucares', 0x000000000101000000971f1384865f4fc086c377071d892040, '2024-02-22 01:12:20', '2024-02-22 01:12:20'),
(289, '5111882371', 'Los Bucares', 0x000000000101000000e49c7d8a885f4fc045ac0f351b892040, '2024-02-22 01:12:20', '2024-02-22 01:12:20'),
(290, '6354818561', 'Las Cúpulas', 0x00000000010100000030c104c9965f4fc0b51e1906878a2040, '2024-02-22 01:12:20', '2024-02-22 01:12:20'),
(291, '6354818562', 'Las Cúpulas', 0x000000000101000000d59ddd10995f4fc0309ba509808a2040, '2024-02-22 01:12:21', '2024-02-22 01:12:21'),
(292, '6354818558', 'Río Aro', 0x000000000101000000b9ab5791d15f4fc03ba4bd665e8b2040, '2024-02-22 01:12:21', '2024-02-22 01:12:21'),
(293, '5111996536', 'Río Aro', 0x00000000010100000006d3d5c2d15f4fc0b7d09508548b2040, '2024-02-22 01:12:21', '2024-02-22 01:12:21'),
(294, '6354818556', 'Las Mercedes', 0x00000000010100000013431779fe5f4fc0f49084d8f48b2040, '2024-02-22 01:12:21', '2024-02-22 01:12:21'),
(295, '6354818557', 'Las Mercedes', 0x00000000010100000054742497ff5f4fc0b5711f14ef8b2040, '2024-02-22 01:12:21', '2024-02-22 01:12:21'),
(296, '6354818552', 'Yocoima', 0x0000000001010000006c9ad25515604fc0b123c44b268d2040, '2024-02-22 01:12:21', '2024-02-22 01:12:21'),
(297, '6354818554', 'Yocoima', 0x00000000010100000041e1a24918604fc0586831c2258d2040, '2024-02-22 01:12:22', '2024-02-22 01:12:22'),
(298, '6354818550', 'Unare I', 0x000000000101000000d6e830ba17604fc0565e9786868e2040, '2024-02-22 01:12:22', '2024-02-22 01:12:22'),
(299, '5106508649', 'Unare I', 0x00000000010100000046c6b4801a604fc019541b9c888e2040, '2024-02-22 01:12:22', '2024-02-22 01:12:22'),
(300, '6354818545', 'Santísima', 0x000000000101000000b39190ed21604fc07151d26817902040, '2024-02-22 01:12:22', '2024-02-22 01:12:22'),
(301, '6354818546', 'Santísima', 0x00000000010100000041a264cd23604fc0d2c19f8614902040, '2024-02-22 01:12:22', '2024-02-22 01:12:22'),
(302, '6354869999', 'Villa Betania (Sierra Parima)', 0x0000000001010000001b5def4806674fc0282db70fd4802040, '2024-02-22 01:12:39', '2024-02-22 01:12:39'),
(303, '6354870000', 'Villa Betania (Sierra Parima)', 0x000000000101000000a296e65608674fc03f04b05cca802040, '2024-02-22 01:12:40', '2024-02-22 01:12:40'),
(304, '6354869995', 'UD-321', 0x000000000101000000627da8d9a8674fc0b37e33315d802040, '2024-02-22 01:12:40', '2024-02-22 01:12:40'),
(305, '6354869998', 'UD-321', 0x000000000101000000d5ce30b5a5674fc048dfa46950802040, '2024-02-22 01:12:40', '2024-02-22 01:12:40'),
(306, '6354869992', 'Villa Betania (321)', 0x0000000001010000007d602239f4674fc007239b502d7f2040, '2024-02-22 01:12:40', '2024-02-22 01:12:40'),
(307, '6354869994', 'Villa Betania (321)', 0x0000000001010000008ae6012cf2674fc025f785a11f7f2040, '2024-02-22 01:12:40', '2024-02-22 01:12:40'),
(308, '6354869990', 'Villa Betania (Comando)', 0x0000000001010000006935c9343f684fc09c6ed921fe7d2040, '2024-02-22 01:12:40', '2024-02-22 01:12:40'),
(309, '5167615286', 'Villa Betania (Comando)', 0x00000000010100000028942af63c684fc0bf9767caf37d2040, '2024-02-22 01:12:41', '2024-02-22 01:12:41'),
(310, '6354869987', 'Comando', 0x000000000101000000ebde2f0b92684fc01d5c959faf7c2040, '2024-02-22 01:12:41', '2024-02-22 01:12:41'),
(311, '2187272334', 'Comando', 0x000000000101000000c8b260e28f684fc0c7b8e2e2a87c2040, '2024-02-22 01:12:41', '2024-02-22 01:12:41'),
(312, '6354869484', 'Las Casitas', 0x000000000101000000b612ba4be2684fc08cc7fb276e7b2040, '2024-02-22 01:12:41', '2024-02-22 01:12:41'),
(313, '6354869986', 'Las Casitas', 0x00000000010100000016c50666e0684fc0c7bc8e38647b2040, '2024-02-22 01:12:41', '2024-02-22 01:12:41'),
(314, '6354869479', 'Las Tinajas', 0x0000000001010000006ef7729f1c694fc0c9dd3186837a2040, '2024-02-22 01:12:41', '2024-02-22 01:12:41'),
(315, '6354869482', 'Las Tinajas', 0x00000000010100000040db6ad619694fc0c153c8957a7a2040, '2024-02-22 01:12:42', '2024-02-22 01:12:42'),
(316, '6354869475', 'Gran Sabana', 0x000000000101000000ca22032fe9694fc0d31c0f6c4b772040, '2024-02-22 01:12:42', '2024-02-22 01:12:42'),
(317, '6354869478', 'Gran Sabana', 0x0000000001010000007e912b50e6694fc066f50eb743772040, '2024-02-22 01:12:42', '2024-02-22 01:12:42'),
(318, '6354869472', 'Gran Sabana', 0x000000000101000000c2830b1e4b6a4fc0f67013ffc1752040, '2024-02-22 01:12:42', '2024-02-22 01:12:42'),
(319, '6354869473', 'Gran Sabana', 0x000000000101000000c2e567d9496a4fc081dc8f25bd752040, '2024-02-22 01:12:42', '2024-02-22 01:12:42'),
(320, '6354869467', 'Las Teodokildas', 0x000000000101000000df2cca11d76a4fc0ab0f7fa88f732040, '2024-02-22 01:12:42', '2024-02-22 01:12:42'),
(321, '6354869468', 'Las Teodokildas', 0x000000000101000000f29df3aed56a4fc08a517c2189732040, '2024-02-22 01:12:43', '2024-02-22 01:12:43'),
(322, '6354869464', 'Las Amazonas', 0x000000000101000000a63c049f306b4fc093382ba226722040, '2024-02-22 01:12:43', '2024-02-22 01:12:43'),
(323, '5287834368', 'Las Amazonas', 0x00000000010100000095c3dd0f2e6b4fc033f32e281d722040, '2024-02-22 01:12:43', '2024-02-22 01:12:43'),
(324, '6354869461', 'Las Amazonas', 0x0000000001010000009ede7b6e576b4fc01e7baccf8b712040, '2024-02-22 01:12:43', '2024-02-22 01:12:43'),
(325, '6354869463', 'Las Amazonas', 0x000000000101000000e7f80db8536b4fc0b998558e7f712040, '2024-02-22 01:12:43', '2024-02-22 01:12:43'),
(326, '6354869458', 'Villa Caruachi', 0x000000000101000000a0d2d226986b4fc074cbb3379d6d2040, '2024-02-22 01:12:43', '2024-02-22 01:12:43'),
(327, '6354869459', 'Villa Caruachi', 0x0000000001010000002d7b12d89c6b4fc052f8c7d68e6d2040, '2024-02-22 01:12:44', '2024-02-22 01:12:44'),
(328, '6354869460', 'Las Amazonas', 0x000000000101000000877d4cb5606b4fc05ee5bff682712040, '2024-02-22 01:13:03', '2024-02-22 01:13:03'),
(329, '6354869462', 'Las Amazonas', 0x000000000101000000983e2ab4626b4fc09ddc4a0a87712040, '2024-02-22 01:13:03', '2024-02-22 01:13:03'),
(330, '6354869465', 'Las Amazonas', 0x000000000101000000fad8b859176b4fc02db29defa7722040, '2024-02-22 01:13:04', '2024-02-22 01:13:04'),
(331, '5287834369', 'Las Amazonas', 0x0000000001010000007c5578e1186b4fc064ac36ffaf722040, '2024-02-22 01:13:04', '2024-02-22 01:13:04'),
(332, '5169197396', 'Las Teodokildas', 0x000000000101000000eaa97a9ee46a4fc05412239573732040, '2024-02-22 01:13:04', '2024-02-22 01:13:04'),
(333, '6354869469', 'Las Teodokildas', 0x000000000101000000cbe6bba5e66a4fc087ffcfbc77732040, '2024-02-22 01:13:05', '2024-02-22 01:13:05'),
(334, '6354869466', 'Sabana Linda', 0x0000000001010000006ef4d6659d6a4fc050d2b2a492742040, '2024-02-22 01:13:05', '2024-02-22 01:13:05'),
(335, '6354869470', 'Sabana Linda', 0x00000000010100000008292e7d9e6a4fc07ce24a8798742040, '2024-02-22 01:13:05', '2024-02-22 01:13:05'),
(336, '6354869471', 'Gran Sabana', 0x0000000001010000006bc07ba2466a4fc05ccaf962ef752040, '2024-02-22 01:13:06', '2024-02-22 01:13:06'),
(337, '6354869474', 'Gran Sabana', 0x000000000101000000475a2a6f476a4fc06a792f08f6752040, '2024-02-22 01:13:06', '2024-02-22 01:13:06'),
(338, '6354869476', 'Gran Sabana', 0x0000000001010000002cd093d7ef694fc01b118c834b772040, '2024-02-22 01:13:06', '2024-02-22 01:13:06'),
(339, '6354869477', 'Gran Sabana', 0x0000000001010000007390c657f1694fc065aa605452772040, '2024-02-22 01:13:07', '2024-02-22 01:13:07'),
(340, '6354869480', 'Las Tinajas', 0x000000000101000000819f275426694fc03a2009fb767a2040, '2024-02-22 01:13:07', '2024-02-22 01:13:07'),
(341, '6354869481', 'Las Tinajas', 0x000000000101000000b065434827694fc04282983a7e7a2040, '2024-02-22 01:13:08', '2024-02-22 01:13:08'),
(342, '6354869483', 'Las Casitas', 0x000000000101000000351b75bee9684fc0ff8e4d976a7b2040, '2024-02-22 01:13:08', '2024-02-22 01:13:08'),
(343, '6354869985', 'Las Casitas', 0x0000000001010000006ba400ace9684fc0420356b3737b2040, '2024-02-22 01:13:08', '2024-02-22 01:13:08'),
(344, '6354869988', 'Comando', 0x000000000101000000c438245a97684fc0ccbadae5b67c2040, '2024-02-22 01:13:09', '2024-02-22 01:13:09'),
(345, '1839281600', 'Comando', 0x000000000101000000d06adcf698684fc0b06e6182bf7c2040, '2024-02-22 01:13:09', '2024-02-22 01:13:09'),
(346, '6354869991', 'UD-321 (Comando)', 0x00000000010100000021b715b13e684fc06ffdaa121b7e2040, '2024-02-22 01:13:09', '2024-02-22 01:13:09'),
(347, '6354869989', 'UD-321 (Comando)', 0x0000000001010000005c3f582140684fc0a0aa9dbc237e2040, '2024-02-22 01:13:10', '2024-02-22 01:13:10'),
(348, '5166130838', 'Villa Betania (321)', 0x000000000101000000fdf84b8bfa674fc0599187742e7f2040, '2024-02-22 01:13:10', '2024-02-22 01:13:10'),
(349, '6354869993', 'Villa Betania (321)', 0x000000000101000000253e7782fd674fc03860fcd9347f2040, '2024-02-22 01:13:11', '2024-02-22 01:13:11'),
(350, '6354869996', 'UD-321', 0x00000000010100000017de9b95a3674fc06a6ee0698d802040, '2024-02-22 01:13:11', '2024-02-22 01:13:11'),
(351, '6354869997', 'UD-321', 0x0000000001010000003a52222ea5674fc0dd5218a595802040, '2024-02-22 01:13:11', '2024-02-22 01:13:11'),
(352, '6354869456', 'Villa Betania (Sierra Parima)', 0x00000000010100000022d62ce11a674fc044e3e4d940812040, '2024-02-22 01:13:12', '2024-02-22 01:13:12'),
(353, '6354869457', 'Villa Betania (Sierra Parima)', 0x000000000101000000642717be19674fc041834d9d47812040, '2024-02-22 01:13:12', '2024-02-22 01:13:12'),
(354, '5098294172', 'Torre Caura', 0x000000000101000000021c3169425d4fc0bc0e304ed7962040, '2024-02-22 01:13:40', '2024-02-22 01:13:40'),
(355, '6355034220', 'Paseo Caroní', 0x00000000010100000073dfc5562b5d4fc0ce458d53be952040, '2024-02-22 01:13:40', '2024-02-22 01:13:40'),
(356, '6355034221', 'Paseo Caroní', 0x00000000010100000092bc299b285d4fc0a10a24cdc4952040, '2024-02-22 01:13:40', '2024-02-22 01:13:40'),
(357, '6355034222', 'Alta Vista Sur', 0x000000000101000000d6fc9d92185d4fc061c9b0e5f0942040, '2024-02-22 01:13:40', '2024-02-22 01:13:40'),
(358, '6355034223', 'Alta Vista Sur', 0x000000000101000000d1459e7f165d4fc0e2afc91af5942040, '2024-02-22 01:13:40', '2024-02-22 01:13:40'),
(359, '1484268239', 'Alta Vista Sur', 0x000000000101000000439fd9bffc5c4fc024754c2723942040, '2024-02-22 01:13:40', '2024-02-22 01:13:40'),
(360, '6355034224', 'Alta Vista Sur', 0x00000000010100000085c2b178fb5c4fc03ad9bc6026942040, '2024-02-22 01:13:41', '2024-02-22 01:13:41'),
(361, '6355034225', 'Los Mangos', 0x00000000010100000095deed30dc5c4fc09501b1b673932040, '2024-02-22 01:13:41', '2024-02-22 01:13:41'),
(362, '5110242796', 'Los Mangos', 0x000000000101000000ba02c067da5c4fc07a1dcc8179932040, '2024-02-22 01:13:41', '2024-02-22 01:13:41'),
(363, '6355034226', 'Karuay', 0x000000000101000000b90bdea1725c4fc0f47b5171d2922040, '2024-02-22 01:13:41', '2024-02-22 01:13:41'),
(364, '5110242795', 'Karuay', 0x0000000001010000003128d368725c4fc0c5909c4cdc922040, '2024-02-22 01:13:41', '2024-02-22 01:13:41'),
(365, '6355034210', 'Módulo', 0x0000000001010000003123bc3d085c4fc010e6762ff7912040, '2024-02-22 01:13:41', '2024-02-22 01:13:41'),
(366, '5110242794', 'Módulo', 0x000000000101000000fce1e7bf075c4fc03a799109f8912040, '2024-02-22 01:13:42', '2024-02-22 01:13:42'),
(367, '6355034203', 'Mirador', 0x000000000101000000316dee9ef25b4fc051007b3b78902040, '2024-02-22 01:13:42', '2024-02-22 01:13:42'),
(368, '5110224196', 'Mirador', 0x0000000001010000006ded331df05b4fc035327ed069902040, '2024-02-22 01:13:42', '2024-02-22 01:13:42');
INSERT INTO `stops` (`stop_id`, `osm_id`, `name`, `location`, `created_at`, `updated_at`) VALUES
(369, '6355034204', 'Villa Africana', 0x00000000010100000023ff8293235c4fc0bee5a03a0c902040, '2024-02-22 01:13:42', '2024-02-22 01:13:42'),
(370, '5110242784', 'Villa Africana', 0x00000000010100000030293e3e215c4fc0be8003ff00902040, '2024-02-22 01:13:42', '2024-02-22 01:13:42'),
(371, '6355034205', 'Villa Africana', 0x00000000010100000027dc2bf3565c4fc00234a550718f2040, '2024-02-22 01:13:42', '2024-02-22 01:13:42'),
(372, '5110242783', 'Villa Africana', 0x000000000101000000cf407628545c4fc047cb811e6a8f2040, '2024-02-22 01:13:43', '2024-02-22 01:13:43'),
(373, '6355034208', 'Kakao', 0x00000000010100000067987f99945c4fc075070cedf78f2040, '2024-02-22 01:13:43', '2024-02-22 01:13:43'),
(374, '6355034209', 'Kakao', 0x0000000001010000007dba70d6965c4fc027614b34ed8f2040, '2024-02-22 01:13:43', '2024-02-22 01:13:43'),
(375, '6355034207', 'UNEG Villa Asia', 0x0000000001010000003fadfdf8a65c4fc0e0f2583332902040, '2024-02-22 01:13:43', '2024-02-22 01:13:43'),
(376, '5110242782', 'UNEG Villa Asía', 0x000000000101000000f7f4c76aa95c4fc027aa12c028902040, '2024-02-22 01:13:43', '2024-02-22 01:13:43'),
(377, '6355034206', 'UNEG Villa Asia', 0x000000000101000000d76a0f7ba15c4fc00612143fc6902040, '2024-02-22 01:13:43', '2024-02-22 01:13:43'),
(378, '5110242781', 'UNEG Villa Asia', 0x00000000010100000047061445a35c4fc0ef82d261cf902040, '2024-02-22 01:13:44', '2024-02-22 01:13:44'),
(379, '6355034247', 'La Churuata', 0x000000000101000000b44f6caa935c4fc07d6f1d2d18922040, '2024-02-22 01:13:44', '2024-02-22 01:13:44'),
(380, '5110242780', 'La Churuata', 0x0000000001010000006756009d935c4fc0cf30b5a50e922040, '2024-02-22 01:13:44', '2024-02-22 01:13:44'),
(381, '6355034248', 'Karimanparú', 0x0000000001010000009b0c7d66ff5c4fc05ff5db323b922040, '2024-02-22 01:13:44', '2024-02-22 01:13:44'),
(382, '5110242779', 'Karimanparú', 0x0000000001010000008f72309b005d4fc00ababda431922040, '2024-02-22 01:13:44', '2024-02-22 01:13:44'),
(383, '6355034249', 'Alta Vista Sur', 0x000000000101000000525ed0e7485d4fc05c9f83786e932040, '2024-02-22 01:13:44', '2024-02-22 01:13:44'),
(384, '5105216976', 'Alta Vista Sur', 0x000000000101000000af9c18ed4c5d4fc0b8e287ef69932040, '2024-02-22 01:13:45', '2024-02-22 01:13:45'),
(385, '1481099077', 'Alta Vista Sur', 0x00000000010100000014feb1b5635d4fc017be199018942040, '2024-02-22 01:13:45', '2024-02-22 01:13:45'),
(386, '5110242778', 'Alta Vista Sur', 0x0000000001010000004e380543675d4fc04ec3a68416942040, '2024-02-22 01:13:45', '2024-02-22 01:13:45'),
(387, '6354559405', 'Jardín Levante', 0x0000000001010000008f47bab07f5d4fc01be038df3e952040, '2024-02-22 01:13:45', '2024-02-22 01:13:45'),
(388, '5099565273', 'Jardín Levante', 0x000000000101000000accabe2b825d4fc0c36c5dc53d952040, '2024-02-22 01:13:45', '2024-02-22 01:13:45'),
(389, '5099527356', 'Macro Centro', 0x000000000101000000e3edf77aad5d4fc0e23ac61517972040, '2024-02-22 01:13:45', '2024-02-22 01:13:45'),
(390, '6355034245', 'Mirador', 0x000000000101000000a886a2e5e55b4fc06c3b12d495902040, '2024-02-22 01:14:06', '2024-02-22 01:14:06'),
(391, '5110295296', 'Mirador', 0x0000000001010000008af72d84e65b4fc020578fa09d902040, '2024-02-22 01:14:06', '2024-02-22 01:14:06'),
(392, '6355034211', 'Cancha', 0x0000000001010000004c05cbc7a45b4fc053584ee72f912040, '2024-02-22 01:14:06', '2024-02-22 01:14:06'),
(393, '5110242786', 'Cancha', 0x0000000001010000009bc2ef4ba25b4fc00f54d7eb27912040, '2024-02-22 01:14:06', '2024-02-22 01:14:06'),
(394, '6355034212', 'Los Olivos', 0x0000000001010000003c461e2d735b4fc04d874ecfbb912040, '2024-02-22 01:14:06', '2024-02-22 01:14:06'),
(395, '5110242787', 'Los Olivos', 0x000000000101000000e4068daa705b4fc0fcbdb964c1912040, '2024-02-22 01:14:06', '2024-02-22 01:14:06'),
(396, '6355034213', 'Yocoima', 0x00000000010100000070a7be3d195b4fc0833c71efd0922040, '2024-02-22 01:14:07', '2024-02-22 01:14:07'),
(397, '5110242788', 'Yocoima', 0x000000000101000000e162a0c6185b4fc093ee9d87c9922040, '2024-02-22 01:14:07', '2024-02-22 01:14:07'),
(398, '6355034214', 'Villa Latina', 0x000000000101000000d66ab4c12e5b4fc0417c050e0d942040, '2024-02-22 01:14:07', '2024-02-22 01:14:07'),
(399, '5110242793', 'Villa Latina', 0x0000000001010000005166834c325b4fc057282db70f942040, '2024-02-22 01:14:07', '2024-02-22 01:14:07'),
(400, '6355034215', 'Mediterráneo', 0x000000000101000000d39fa28f9e5b4fc0f408241752942040, '2024-02-22 01:14:07', '2024-02-22 01:14:07'),
(401, '5110242792', 'Mediterráneo', 0x00000000010100000073350de59f5b4fc04c99e5fc5e942040, '2024-02-22 01:14:07', '2024-02-22 01:14:07'),
(402, '6355034216', 'Liceo Los Olivos', 0x0000000001010000005db34b0ae25b4fc00cb501333a932040, '2024-02-22 01:14:08', '2024-02-22 01:14:08'),
(403, '5110242791', 'Liceo Los Olivos', 0x000000000101000000eb67fba1e35b4fc0538c987e2e932040, '2024-02-22 01:14:08', '2024-02-22 01:14:08'),
(404, '6355034217', 'Santo Tomé (Los Olivos)', 0x000000000101000000f81cb347035c4fc0c786c9af7a932040, '2024-02-22 01:14:08', '2024-02-22 01:14:08'),
(405, '5110242790', 'Santo Tomé (Los Olivos)', 0x00000000010100000016d4015a045c4fc00fa6176b6e932040, '2024-02-22 01:14:08', '2024-02-22 01:14:08'),
(406, '6355034227', 'Vista Hermosa', 0x000000000101000000c78b3b94575c4fc0f70a66a77a912040, '2024-02-22 01:14:20', '2024-02-22 01:14:20'),
(407, '5110242797', 'Vista Hermosa', 0x000000000101000000f2a08fe8545c4fc040af2e5d77912040, '2024-02-22 01:14:20', '2024-02-22 01:14:20'),
(408, '6355034228', 'Kakao', 0x000000000101000000496b67f3935c4fc019b61c9e14902040, '2024-02-22 01:14:21', '2024-02-22 01:14:21'),
(409, '6355034229', 'Kakao', 0x00000000010100000032d3ac22925c4fc07a26eabb11902040, '2024-02-22 01:14:21', '2024-02-22 01:14:21'),
(410, '6355034231', 'UNEXPO', 0x000000000101000000664aeb6f095d4fc012e797778b8e2040, '2024-02-22 01:14:21', '2024-02-22 01:14:21'),
(411, '6355034232', 'UNEXPO', 0x000000000101000000551344dd075d4fc033c577bd8f8e2040, '2024-02-22 01:14:21', '2024-02-22 01:14:21'),
(412, '6355034233', 'Guayana Country Club', 0x000000000101000000aab9dc60a85c4fc0ecaccc4a498d2040, '2024-02-22 01:14:21', '2024-02-22 01:14:21'),
(413, '5110242798', 'Guayana Country Club', 0x000000000101000000e08a1fbea75c4fc0d1387936508d2040, '2024-02-22 01:14:21', '2024-02-22 01:14:21'),
(414, '6355034234', 'Villa Africana (Toro Muerto)', 0x000000000101000000af04f7a8645c4fc020e4068daa8c2040, '2024-02-22 01:14:22', '2024-02-22 01:14:22'),
(415, '6355034235', 'Villa Africana (Toro Muerto)', 0x000000000101000000f7feab33635c4fc03fcae3c4b28c2040, '2024-02-22 01:14:22', '2024-02-22 01:14:22'),
(416, '2312904368', 'Villa Africana (Toro Muerto)', 0x000000000101000000dc77561c185c4fc009162c7a4c8d2040, '2024-02-22 01:14:22', '2024-02-22 01:14:22'),
(417, '6355034236', 'Villa Africana (Toro Muerto)', 0x00000000010100000070a7be3d195c4fc0cff8beb8548d2040, '2024-02-22 01:14:22', '2024-02-22 01:14:22'),
(418, '6355034241', 'Vista Al Río', 0x000000000101000000ffcc203eb05b4fc0f308c95ddf8e2040, '2024-02-22 01:14:22', '2024-02-22 01:14:22'),
(419, '6355034242', 'Vista Al Río', 0x000000000101000000e5c06158b45b4fc0de0ced52d98e2040, '2024-02-22 01:14:22', '2024-02-22 01:14:22'),
(420, '6355034243', 'ARA', 0x000000000101000000f5b5d37bcf5b4fc09737876bb58f2040, '2024-02-22 01:14:23', '2024-02-22 01:14:23'),
(421, '5113786892', 'Fluye Burger', 0x000000000101000000c286a757ca5b4fc0596ec4ee968f2040, '2024-02-22 01:14:23', '2024-02-22 01:14:23'),
(422, '6355034244', 'Mirador', 0x000000000101000000abbb687eeb5b4fc053680f6a75902040, '2024-02-22 01:14:23', '2024-02-22 01:14:23'),
(423, '6355034246', 'Módulo', 0x000000000101000000d6500f762f5c4fc0e8058eba8c912040, '2024-02-22 01:14:23', '2024-02-22 01:14:23'),
(424, '5110224197', 'Módulo', 0x000000000101000000cec9e605335c4fc04421b88086912040, '2024-02-22 01:14:23', '2024-02-22 01:14:23');
COMMIT;

/*!40101 SET CHARACTER_SET_CLIENT=@OLD_CHARACTER_SET_CLIENT */;
/*!40101 SET CHARACTER_SET_RESULTS=@OLD_CHARACTER_SET_RESULTS */;
/*!40101 SET COLLATION_CONNECTION=@OLD_COLLATION_CONNECTION */;
